{
  "type": "FeatureCollection",
  "features": [
    {
      "type": "Feature",
      "geometry": {
        "type": "Point",
        "coordinates": [
          34.5477181,
          31.4474671
        ]
      },
      "properties": {
        "name": "Project 0002",
        "project_number": 2,
        "address_type": "street",
        "person_id": 19,
        "place": "שובה",
        "approximate": true,
        "deal_id": 18
      }
    },
    {
      "type": "Feature",
      "geometry": {
        "type": "Point",
        "coordinates": [
          35.4525525,
          32.8748543
        ]
      },
      "properties": {
        "name": "Project 0003",
        "project_number": 3,
        "address_type": "city",
        "person_id": 20,
        "place": "כלנית",
        "approximate": true,
        "deal_id": 20
      }
    },
    {
      "type": "Feature",
      "geometry": {
        "type": "Point",
        "coordinates": [
          35.3678439,
          32.938156
        ]
      },
      "properties": {
        "name": "Project 0004",
        "project_number": 4,
        "address_type": "city",
        "person_id": 21,
        "place": "ראמה",
        "approximate": true,
        "deal_id": 95
      }
    },
    {
      "type": "Feature",
      "geometry": {
        "type": "Point",
        "coordinates": [
          35.4659132,
          32.4481878
        ]
      },
      "properties": {
        "name": "Project 0005",
        "project_number": 5,
        "address_type": "city",
        "person_id": 22,
        "place": "רוויה",
        "approximate": true,
        "deal_id": 22
      }
    },
    {
      "type": "Feature",
      "geometry": {
        "type": "Point",
        "coordinates": [
          34.7749972,
          31.9762504
        ]
      },
      "properties": {
        "name": "Project 0006",
        "project_number": 6,
        "address_type": "city",
        "person_id": 23,
        "place": "ראשון לציון",
        "approximate": true,
        "deal_id": 23
      }
    },
    {
      "type": "Feature",
      "geometry": {
        "type": "Point",
        "coordinates": [
          35.2925565,
          32.9946633
        ]
      },
      "properties": {
        "name": "Project 0007",
        "project_number": 7,
        "address_type": "city",
        "person_id": 24,
        "place": "חוסן",
        "approximate": true,
        "deal_id": 21
      }
    },
    {
      "type": "Feature",
      "geometry": {
        "type": "Point",
        "coordinates": [
          35.2941552,
          33.0772932
        ]
      },
      "properties": {
        "name": "Project 0008",
        "project_number": 8,
        "address_type": "city",
        "person_id": 25,
        "place": "אבן מנחם",
        "approximate": true,
        "deal_id": 25
      }
    },
    {
      "type": "Feature",
      "geometry": {
        "type": "Point",
        "coordinates": [
          35.3213468,
          33.0321726
        ]
      },
      "properties": {
        "name": "Project 0009",
        "project_number": 9,
        "address_type": "city",
        "person_id": 26,
        "place": "אלקוש",
        "approximate": true,
        "deal_id": 24
      }
    },
    {
      "type": "Feature",
      "geometry": {
        "type": "Point",
        "coordinates": [
          35.2850395,
          33.0838255
        ]
      },
      "properties": {
        "name": "Project 0010",
        "project_number": 10,
        "address_type": "city",
        "person_id": 27,
        "place": "שומרה",
        "approximate": true,
        "deal_id": 26
      }
    },
    {
      "type": "Feature",
      "geometry": {
        "type": "Point",
        "coordinates": [
          35.1663538,
          32.4736184
        ]
      },
      "properties": {
        "name": "Project 0011",
        "project_number": 11,
        "address_type": "city",
        "person_id": 28,
        "place": "שקד",
        "approximate": true,
        "deal_id": 28
      }
    },
    {
      "type": "Feature",
      "geometry": {
        "type": "Point",
        "coordinates": [
          35.4985695,
          32.9584516
        ]
      },
      "properties": {
        "name": "Project 0012",
        "project_number": 12,
        "address_type": "street",
        "person_id": 29,
        "place": "צפת",
        "approximate": false,
        "deal_id": 27
      }
    },
    {
      "type": "Feature",
      "geometry": {
        "type": "Point",
        "coordinates": [
          35.18962,
          32.940166
        ]
      },
      "properties": {
        "name": "Project 0013",
        "project_number": 13,
        "address_type": "city",
        "person_id": 30,
        "place": "ג'וליס",
        "approximate": true,
        "deal_id": 30
      }
    },
    {
      "type": "Feature",
      "geometry": {
        "type": "Point",
        "coordinates": [
          35.2050008,
          32.955188
        ]
      },
      "properties": {
        "name": "Project 0014",
        "project_number": 14,
        "address_type": "city",
        "person_id": 31,
        "place": "ירכא",
        "approximate": true,
        "deal_id": 29
      }
    },
    {
      "type": "Feature",
      "geometry": {
        "type": "Point",
        "coordinates": [
          35.1846322,
          32.9416493
        ]
      },
      "properties": {
        "name": "Project 0015",
        "project_number": 15,
        "address_type": "city",
        "person_id": 32,
        "place": "ג'וליס",
        "approximate": true,
        "deal_id": 31
      }
    },
    {
      "type": "Feature",
      "geometry": {
        "type": "Point",
        "coordinates": [
          35.3804184,
          32.964101
        ]
      },
      "properties": {
        "name": "Project 0016",
        "project_number": 16,
        "address_type": "city",
        "person_id": 33,
        "place": "Beit Jann",
        "approximate": true,
        "deal_id": 35
      }
    },
    {
      "type": "Feature",
      "geometry": {
        "type": "Point",
        "coordinates": [
          35.3490753,
          32.9402919
        ]
      },
      "properties": {
        "name": "Project 0017",
        "project_number": 17,
        "address_type": "street",
        "person_id": 34,
        "place": "סאג'ור",
        "approximate": true,
        "deal_id": 32
      }
    },
    {
      "type": "Feature",
      "geometry": {
        "type": "Point",
        "coordinates": [
          35.3249912,
          32.7884833
        ]
      },
      "properties": {
        "name": "Project 0018",
        "project_number": 18,
        "address_type": "city",
        "person_id": 35,
        "place": "Rumana",
        "approximate": true,
        "deal_id": 33
      }
    },
    {
      "type": "Feature",
      "geometry": {
        "type": "Point",
        "coordinates": [
          35.1965556,
          32.9521893
        ]
      },
      "properties": {
        "name": "Project 0019",
        "project_number": 19,
        "address_type": "city",
        "person_id": 36,
        "place": "ירכא",
        "approximate": true,
        "deal_id": 36
      }
    },
    {
      "type": "Feature",
      "geometry": {
        "type": "Point",
        "coordinates": [
          35.2069165,
          32.9557643
        ]
      },
      "properties": {
        "name": "Project 0020",
        "project_number": 20,
        "address_type": "city",
        "person_id": 37,
        "place": "ירכא",
        "approximate": true,
        "deal_id": 34
      }
    },
    {
      "type": "Feature",
      "geometry": {
        "type": "Point",
        "coordinates": [
          35.1783466,
          32.9468388
        ]
      },
      "properties": {
        "name": "Project 0021",
        "project_number": 21,
        "address_type": "city",
        "person_id": 38,
        "place": "גולס",
        "approximate": true,
        "deal_id": 37
      }
    },
    {
      "type": "Feature",
      "geometry": {
        "type": "Point",
        "coordinates": [
          35.4435672,
          31.9908284
        ]
      },
      "properties": {
        "name": "Project 0022",
        "project_number": 22,
        "address_type": "city",
        "person_id": 39,
        "place": "נתיב הגדוד",
        "approximate": true,
        "deal_id": 42
      }
    },
    {
      "type": "Feature",
      "geometry": {
        "type": "Point",
        "coordinates": [
          35.3046637,
          32.7754107
        ]
      },
      "properties": {
        "name": "Project 0023",
        "project_number": 23,
        "address_type": "city",
        "person_id": 40,
        "place": "Uzeir",
        "approximate": true,
        "deal_id": 40
      }
    },
    {
      "type": "Feature",
      "geometry": {
        "type": "Point",
        "coordinates": [
          35.4396263,
          32.0202463
        ]
      },
      "properties": {
        "name": "Project 0024",
        "project_number": 24,
        "address_type": "city",
        "person_id": 41,
        "place": "תומר",
        "approximate": true,
        "deal_id": 38
      }
    },
    {
      "type": "Feature",
      "geometry": {
        "type": "Point",
        "coordinates": [
          35.4439269,
          32.0417891
        ]
      },
      "properties": {
        "name": "Project 0025",
        "project_number": 25,
        "address_type": "city",
        "person_id": 42,
        "place": "פצאל",
        "approximate": true,
        "deal_id": 41
      }
    },
    {
      "type": "Feature",
      "geometry": {
        "type": "Point",
        "coordinates": [
          35.4375959,
          32.0162854
        ]
      },
      "properties": {
        "name": "Project 0026",
        "project_number": 26,
        "address_type": "city",
        "person_id": 43,
        "place": "תומר",
        "approximate": true,
        "deal_id": 39
      }
    },
    {
      "type": "Feature",
      "geometry": {
        "type": "Point",
        "coordinates": [
          35.3740167,
          32.955413
        ]
      },
      "properties": {
        "name": "Project 0027",
        "project_number": 27,
        "address_type": "city",
        "person_id": 44,
        "place": "Beit Jann",
        "approximate": true,
        "deal_id": 45
      }
    },
    {
      "type": "Feature",
      "geometry": {
        "type": "Point",
        "coordinates": [
          35.3841182,
          32.9676637
        ]
      },
      "properties": {
        "name": "Project 0028",
        "project_number": 28,
        "address_type": "city",
        "person_id": 45,
        "place": "Beit Jann",
        "approximate": true,
        "deal_id": 43
      }
    },
    {
      "type": "Feature",
      "geometry": {
        "type": "Point",
        "coordinates": [
          35.210218,
          31.7886795
        ]
      },
      "properties": {
        "name": "Project 0029",
        "project_number": 29,
        "address_type": "city",
        "person_id": 46,
        "place": "גבעת משואה",
        "approximate": true,
        "deal_id": 44
      }
    },
    {
      "type": "Feature",
      "geometry": {
        "type": "Point",
        "coordinates": [
          35.3704512,
          32.968776
        ]
      },
      "properties": {
        "name": "Project 0030",
        "project_number": 30,
        "address_type": "city",
        "person_id": 47,
        "place": "Beit Jann",
        "approximate": true,
        "deal_id": 46
      }
    },
    {
      "type": "Feature",
      "geometry": {
        "type": "Point",
        "coordinates": [
          35.3798199,
          32.9694053
        ]
      },
      "properties": {
        "name": "Project 0031",
        "project_number": 31,
        "address_type": "city",
        "person_id": 48,
        "place": "Beit Jann",
        "approximate": true,
        "deal_id": 47
      }
    },
    {
      "type": "Feature",
      "geometry": {
        "type": "Point",
        "coordinates": [
          35.4428803,
          32.0472522
        ]
      },
      "properties": {
        "name": "Project 0032",
        "project_number": 32,
        "address_type": "city",
        "person_id": 49,
        "place": "פצאל",
        "approximate": true,
        "deal_id": 49
      }
    },
    {
      "type": "Feature",
      "geometry": {
        "type": "Point",
        "coordinates": [
          35.290524,
          33.0739598
        ]
      },
      "properties": {
        "name": "Project 0033",
        "project_number": 33,
        "address_type": "city",
        "person_id": 50,
        "place": "אבן מנחם",
        "approximate": true,
        "deal_id": 52
      }
    },
    {
      "type": "Feature",
      "geometry": {
        "type": "Point",
        "coordinates": [
          35.3164651,
          33.085509
        ]
      },
      "properties": {
        "name": "Project 0034",
        "project_number": 34,
        "address_type": "city",
        "person_id": 51,
        "place": "שתולה",
        "approximate": true,
        "deal_id": 48
      }
    },
    {
      "type": "Feature",
      "geometry": {
        "type": "Point",
        "coordinates": [
          35.2135492,
          32.9559643
        ]
      },
      "properties": {
        "name": "Project 0035",
        "project_number": 35,
        "address_type": "city",
        "person_id": 52,
        "place": "ירכא",
        "approximate": true,
        "deal_id": 50
      }
    },
    {
      "type": "Feature",
      "geometry": {
        "type": "Point",
        "coordinates": [
          34.7784613,
          32.0220478
        ]
      },
      "properties": {
        "name": "Project 0036",
        "project_number": 36,
        "address_type": "street",
        "person_id": 53,
        "place": "חולון",
        "approximate": false,
        "deal_id": 51
      }
    },
    {
      "type": "Feature",
      "geometry": {
        "type": "Point",
        "coordinates": [
          35.2869401,
          32.9071291
        ]
      },
      "properties": {
        "name": "Project 0037",
        "project_number": 37,
        "address_type": "street",
        "person_id": 54,
        "place": "כרמיאל",
        "approximate": false,
        "deal_id": 53
      }
    },
    {
      "type": "Feature",
      "geometry": {
        "type": "Point",
        "coordinates": [
          34.8863447,
          31.2254758
        ]
      },
      "properties": {
        "name": "Project 0038",
        "project_number": 38,
        "address_type": "city",
        "person_id": 55,
        "place": "נבטים",
        "approximate": true,
        "deal_id": 57
      }
    },
    {
      "type": "Feature",
      "geometry": {
        "type": "Point",
        "coordinates": [
          35.0936334,
          32.8070175
        ]
      },
      "properties": {
        "name": "Project 0039",
        "project_number": 39,
        "address_type": "city",
        "person_id": 56,
        "place": "קרית אתא",
        "approximate": true,
        "deal_id": 55
      }
    },
    {
      "type": "Feature",
      "geometry": {
        "type": "Point",
        "coordinates": [
          35.273621,
          32.8026149
        ]
      },
      "properties": {
        "name": "Project 0040",
        "project_number": 40,
        "address_type": "city",
        "person_id": 57,
        "place": "Kafr Manda",
        "approximate": true,
        "deal_id": 54
      }
    },
    {
      "type": "Feature",
      "geometry": {
        "type": "Point",
        "coordinates": [
          35.3209689,
          32.7465425
        ]
      },
      "properties": {
        "name": "Project 0041",
        "project_number": 41,
        "address_type": "street",
        "person_id": 58,
        "place": "משהד",
        "approximate": true,
        "deal_id": 58
      }
    },
    {
      "type": "Feature",
      "geometry": {
        "type": "Point",
        "coordinates": [
          34.773952,
          31.9714164
        ]
      },
      "properties": {
        "name": "Project 0042",
        "project_number": 42,
        "address_type": "street",
        "person_id": 59,
        "place": "ראשון לציון",
        "approximate": true,
        "deal_id": 56
      }
    },
    {
      "type": "Feature",
      "geometry": {
        "type": "Point",
        "coordinates": [
          35.2390014,
          32.9858909
        ]
      },
      "properties": {
        "name": "Project 0043",
        "project_number": 43,
        "address_type": "city",
        "person_id": 60,
        "place": "ג׳ת",
        "approximate": true,
        "deal_id": 59
      }
    },
    {
      "type": "Feature",
      "geometry": {
        "type": "Point",
        "coordinates": [
          35.2040734,
          32.8723036
        ]
      },
      "properties": {
        "name": "Project 0044",
        "project_number": 44,
        "address_type": "city",
        "person_id": 61,
        "place": "Kabul",
        "approximate": true,
        "deal_id": 60
      }
    },
    {
      "type": "Feature",
      "geometry": {
        "type": "Point",
        "coordinates": [
          34.941618,
          32.0113958
        ]
      },
      "properties": {
        "name": "Project 0045",
        "project_number": 45,
        "address_type": "city",
        "person_id": 62,
        "place": "טירת יהודה",
        "approximate": true,
        "deal_id": 61
      }
    },
    {
      "type": "Feature",
      "geometry": {
        "type": "Point",
        "coordinates": [
          35.0947184,
          33.0031015
        ]
      },
      "properties": {
        "name": "Project 0046",
        "project_number": 46,
        "address_type": "street",
        "person_id": 63,
        "place": "נהריה",
        "approximate": false,
        "deal_id": 62
      }
    },
    {
      "type": "Feature",
      "geometry": {
        "type": "Point",
        "coordinates": [
          35.4249046,
          32.1663464
        ]
      },
      "properties": {
        "name": "Project 0047",
        "project_number": 47,
        "address_type": "city",
        "person_id": 64,
        "place": "מכורה",
        "approximate": true,
        "deal_id": 63
      }
    },
    {
      "type": "Feature",
      "geometry": {
        "type": "Point",
        "coordinates": [
          35.3678884,
          32.863641
        ]
      },
      "properties": {
        "name": "Project 0048",
        "project_number": 48,
        "address_type": "city",
        "person_id": 65,
        "place": "Deir Hanna",
        "approximate": true,
        "deal_id": 64
      }
    },
    {
      "type": "Feature",
      "geometry": {
        "type": "Point",
        "coordinates": [
          35.2315079,
          31.7725997
        ]
      },
      "properties": {
        "name": "Project 0049",
        "project_number": 49,
        "address_type": "city",
        "person_id": 66,
        "place": "טובא",
        "approximate": true,
        "deal_id": 68
      }
    },
    {
      "type": "Feature",
      "geometry": {
        "type": "Point",
        "coordinates": [
          34.8818326,
          32.0874007
        ]
      },
      "properties": {
        "name": "Project 0050",
        "project_number": 50,
        "address_type": "street",
        "person_id": 67,
        "place": "פתח תקווה",
        "approximate": false,
        "deal_id": 66
      }
    },
    {
      "type": "Feature",
      "geometry": {
        "type": "Point",
        "coordinates": [
          35.5103161,
          32.9628451
        ]
      },
      "properties": {
        "name": "Project 0051",
        "project_number": 51,
        "address_type": "city",
        "person_id": 68,
        "place": "צפת",
        "approximate": true,
        "deal_id": 67
      }
    },
    {
      "type": "Feature",
      "geometry": {
        "type": "Point",
        "coordinates": [
          35.2995478,
          32.7069666
        ]
      },
      "properties": {
        "name": "Project 0052",
        "project_number": 52,
        "address_type": "city",
        "person_id": 69,
        "place": "נצרת",
        "approximate": true,
        "deal_id": 65
      }
    },
    {
      "type": "Feature",
      "geometry": {
        "type": "Point",
        "coordinates": [
          35.30248,
          32.9642025
        ]
      },
      "properties": {
        "name": "Project 0053",
        "project_number": 53,
        "address_type": "city",
        "person_id": 70,
        "place": "Kisra-Sumei",
        "approximate": true,
        "deal_id": 69
      }
    },
    {
      "type": "Feature",
      "geometry": {
        "type": "Point",
        "coordinates": [
          34.7478824,
          31.7110769
        ]
      },
      "properties": {
        "name": "Project 0054",
        "project_number": 54,
        "address_type": "city",
        "person_id": 71,
        "place": "אביגדור",
        "approximate": true,
        "deal_id": 71
      }
    },
    {
      "type": "Feature",
      "geometry": {
        "type": "Point",
        "coordinates": [
          34.9762788,
          32.0923497
        ]
      },
      "properties": {
        "name": "Project 0055",
        "project_number": 55,
        "address_type": "street",
        "person_id": 72,
        "place": "ראש העין",
        "approximate": false,
        "deal_id": 72
      }
    },
    {
      "type": "Feature",
      "geometry": {
        "type": "Point",
        "coordinates": [
          34.7447765,
          31.7116812
        ]
      },
      "properties": {
        "name": "Project 0056",
        "project_number": 56,
        "address_type": "city",
        "person_id": 73,
        "place": "אביגדור",
        "approximate": true,
        "deal_id": 74
      }
    },
    {
      "type": "Feature",
      "geometry": {
        "type": "Point",
        "coordinates": [
          35.2513198,
          32.9667765
        ]
      },
      "properties": {
        "name": "Project 0057",
        "project_number": 57,
        "address_type": "city",
        "person_id": 74,
        "place": "ג׳ת",
        "approximate": true,
        "deal_id": 73
      }
    },
    {
      "type": "Feature",
      "geometry": {
        "type": "Point",
        "coordinates": [
          35.0810647,
          32.9284736
        ]
      },
      "properties": {
        "name": "Project 0058",
        "project_number": 58,
        "address_type": "street",
        "person_id": 75,
        "place": "עכו",
        "approximate": false,
        "deal_id": 78
      }
    },
    {
      "type": "Feature",
      "geometry": {
        "type": "Point",
        "coordinates": [
          35.1703218,
          32.9562239
        ]
      },
      "properties": {
        "name": "Project 0059",
        "project_number": 59,
        "address_type": "city",
        "person_id": 76,
        "place": "Abu Snan",
        "approximate": true,
        "deal_id": 79
      }
    },
    {
      "type": "Feature",
      "geometry": {
        "type": "Point",
        "coordinates": [
          35.1755611,
          32.9601811
        ]
      },
      "properties": {
        "name": "Project 0060",
        "project_number": 60,
        "address_type": "city",
        "person_id": 77,
        "place": "Abu Snan",
        "approximate": true,
        "deal_id": 75
      }
    },
    {
      "type": "Feature",
      "geometry": {
        "type": "Point",
        "coordinates": [
          35.322743,
          32.9390439
        ]
      },
      "properties": {
        "name": "Project 0061",
        "project_number": 61,
        "address_type": "city",
        "person_id": 78,
        "place": "נחף",
        "approximate": true,
        "deal_id": 76
      }
    },
    {
      "type": "Feature",
      "geometry": {
        "type": "Point",
        "coordinates": [
          35.3810319,
          32.7733236
        ]
      },
      "properties": {
        "name": "Project 0062",
        "project_number": 62,
        "address_type": "city",
        "person_id": 79,
        "place": "Tur'an",
        "approximate": true,
        "deal_id": 77
      }
    },
    {
      "type": "Feature",
      "geometry": {
        "type": "Point",
        "coordinates": [
          35.2721176,
          32.9860497
        ]
      },
      "properties": {
        "name": "Project 0063",
        "project_number": 63,
        "address_type": "city",
        "person_id": 80,
        "place": "Yanuh-Jat",
        "approximate": true,
        "deal_id": 81
      }
    },
    {
      "type": "Feature",
      "geometry": {
        "type": "Point",
        "coordinates": [
          34.9756266,
          32.0916537
        ]
      },
      "properties": {
        "name": "Project 0064",
        "project_number": 64,
        "address_type": "street",
        "person_id": 81,
        "place": "ראש העין",
        "approximate": false,
        "deal_id": 80
      }
    },
    {
      "type": "Feature",
      "geometry": {
        "type": "Point",
        "coordinates": [
          34.9596735,
          32.3032731
        ]
      },
      "properties": {
        "name": "Project 0065",
        "project_number": 65,
        "address_type": "city",
        "person_id": 82,
        "place": "תנובות",
        "approximate": true,
        "deal_id": 83
      }
    },
    {
      "type": "Feature",
      "geometry": {
        "type": "Point",
        "coordinates": [
          35.5816006,
          32.6577222
        ]
      },
      "properties": {
        "name": "Project 0066",
        "project_number": 66,
        "address_type": "city",
        "person_id": 83,
        "place": "אשדות יעקב מאוחד",
        "approximate": true,
        "deal_id": 82
      }
    },
    {
      "type": "Feature",
      "geometry": {
        "type": "Point",
        "coordinates": [
          35.3596448,
          32.8050265
        ]
      },
      "properties": {
        "name": "Project 0067",
        "project_number": 67,
        "address_type": "city",
        "person_id": 84,
        "place": "בועניה נוגידאת",
        "approximate": true,
        "deal_id": 84
      }
    },
    {
      "type": "Feature",
      "geometry": {
        "type": "Point",
        "coordinates": [
          35.2112653,
          32.9545664
        ]
      },
      "properties": {
        "name": "Project 0068",
        "project_number": 68,
        "address_type": "city",
        "person_id": 85,
        "place": "ירכא",
        "approximate": true,
        "deal_id": 85
      }
    },
    {
      "type": "Feature",
      "geometry": {
        "type": "Point",
        "coordinates": [
          34.8634574,
          32.3290606
        ]
      },
      "properties": {
        "name": "Project 0069",
        "project_number": 69,
        "address_type": "city",
        "person_id": 86,
        "place": "אקסודוס",
        "approximate": true,
        "deal_id": 86
      }
    },
    {
      "type": "Feature",
      "geometry": {
        "type": "Point",
        "coordinates": [
          35.2571811,
          33.0184429
        ]
      },
      "properties": {
        "name": "Project 0070",
        "project_number": 70,
        "address_type": "city",
        "person_id": 87,
        "place": "מעונה",
        "approximate": true,
        "deal_id": 88
      }
    },
    {
      "type": "Feature",
      "geometry": {
        "type": "Point",
        "coordinates": [
          35.3610922,
          32.5478907
        ]
      },
      "properties": {
        "name": "Project 0071",
        "project_number": 71,
        "address_type": "city",
        "person_id": 88,
        "place": "גדעונה",
        "approximate": true,
        "deal_id": 87
      }
    },
    {
      "type": "Feature",
      "geometry": {
        "type": "Point",
        "coordinates": [
          35.1841844,
          32.7950944
        ]
      },
      "properties": {
        "name": "Project 0072",
        "project_number": 72,
        "address_type": "city",
        "person_id": 89,
        "place": "Shefa-Amr",
        "approximate": true,
        "deal_id": 89
      }
    },
    {
      "type": "Feature",
      "geometry": {
        "type": "Point",
        "coordinates": [
          35.2866793,
          32.9053868
        ]
      },
      "properties": {
        "name": "Project 0073",
        "project_number": 73,
        "address_type": "city",
        "person_id": 90,
        "place": "הר חלוץ",
        "approximate": true,
        "deal_id": 91
      }
    },
    {
      "type": "Feature",
      "geometry": {
        "type": "Point",
        "coordinates": [
          35.5981233,
          33.0013712
        ]
      },
      "properties": {
        "name": "Project 0074",
        "project_number": 74,
        "address_type": "city",
        "person_id": 91,
        "place": "משמר הירדן",
        "approximate": true,
        "deal_id": 90
      }
    },
    {
      "type": "Feature",
      "geometry": {
        "type": "Point",
        "coordinates": [
          35.2476313,
          32.80907
        ]
      },
      "properties": {
        "name": "Project 0075",
        "project_number": 75,
        "address_type": "city",
        "person_id": 92,
        "place": "Kafr Manda",
        "approximate": true,
        "deal_id": 92
      }
    },
    {
      "type": "Feature",
      "geometry": {
        "type": "Point",
        "coordinates": [
          34.9217207,
          32.4317929
        ]
      },
      "properties": {
        "name": "Project 0076",
        "project_number": 76,
        "address_type": "street",
        "person_id": 93,
        "place": "חדרה",
        "approximate": false,
        "deal_id": 94
      }
    },
    {
      "type": "Feature",
      "geometry": {
        "type": "Point",
        "coordinates": [
          34.9223305,
          32.4360137
        ]
      },
      "properties": {
        "name": "Project 0077",
        "project_number": 77,
        "address_type": "street",
        "person_id": 94,
        "place": "חדרה",
        "approximate": false,
        "deal_id": 93
      }
    },
    {
      "type": "Feature",
      "geometry": {
        "type": "Point",
        "coordinates": [
          35.4953112,
          32.9547171
        ]
      },
      "properties": {
        "name": "Project 0078",
        "project_number": 78,
        "address_type": "city",
        "person_id": 95,
        "place": "רמת רזים",
        "approximate": true,
        "deal_id": 96
      }
    },
    {
      "type": "Feature",
      "geometry": {
        "type": "Point",
        "coordinates": [
          35.1239257,
          32.8082622
        ]
      },
      "properties": {
        "name": "Project 0079",
        "project_number": 79,
        "address_type": "city",
        "person_id": 96,
        "place": "קרית אתא",
        "approximate": true,
        "deal_id": 97
      }
    },
    {
      "type": "Feature",
      "geometry": {
        "type": "Point",
        "coordinates": [
          35.1909323,
          32.9439639
        ]
      },
      "properties": {
        "name": "Project 0080",
        "project_number": 80,
        "address_type": "city",
        "person_id": 97,
        "place": "ג'וליס",
        "approximate": true,
        "deal_id": 99
      }
    },
    {
      "type": "Feature",
      "geometry": {
        "type": "Point",
        "coordinates": [
          35.4686811,
          31.9054263
        ]
      },
      "properties": {
        "name": "Project 0081",
        "project_number": 81,
        "address_type": "city",
        "person_id": 98,
        "place": "נעמה",
        "approximate": true,
        "deal_id": 98
      }
    },
    {
      "type": "Feature",
      "geometry": {
        "type": "Point",
        "coordinates": [
          35.1162203,
          32.7978231
        ]
      },
      "properties": {
        "name": "Project 0082",
        "project_number": 82,
        "address_type": "city",
        "person_id": 99,
        "place": "קרית אתא",
        "approximate": true,
        "deal_id": 101
      }
    },
    {
      "type": "Feature",
      "geometry": {
        "type": "Point",
        "coordinates": [
          35.0997153,
          32.8087941
        ]
      },
      "properties": {
        "name": "Project 0083",
        "project_number": 83,
        "address_type": "city",
        "person_id": 100,
        "place": "קרית אתא",
        "approximate": true,
        "deal_id": 102
      }
    },
    {
      "type": "Feature",
      "geometry": {
        "type": "Point",
        "coordinates": [
          35.0891174,
          32.8030871
        ]
      },
      "properties": {
        "name": "Project 0084",
        "project_number": 84,
        "address_type": "city",
        "person_id": 101,
        "place": "קרית אתא",
        "approximate": true,
        "deal_id": 100
      }
    },
    {
      "type": "Feature",
      "geometry": {
        "type": "Point",
        "coordinates": [
          35.0962859,
          32.7953188
        ]
      },
      "properties": {
        "name": "Project 0085",
        "project_number": 85,
        "address_type": "city",
        "person_id": 102,
        "place": "קרית אתא",
        "approximate": true,
        "deal_id": 103
      }
    },
    {
      "type": "Feature",
      "geometry": {
        "type": "Point",
        "coordinates": [
          34.9641911,
          32.0426973
        ]
      },
      "properties": {
        "name": "Project 0086",
        "project_number": 86,
        "address_type": "city",
        "person_id": 103,
        "place": "אלעד",
        "approximate": true,
        "deal_id": 104
      }
    },
    {
      "type": "Feature",
      "geometry": {
        "type": "Point",
        "coordinates": [
          34.8530543,
          32.2933851
        ]
      },
      "properties": {
        "name": "Project 0087",
        "project_number": 87,
        "address_type": "street",
        "person_id": 104,
        "place": "נתניה",
        "approximate": false,
        "deal_id": 107
      }
    },
    {
      "type": "Feature",
      "geometry": {
        "type": "Point",
        "coordinates": [
          35.1102094,
          32.8020273
        ]
      },
      "properties": {
        "name": "Project 0088",
        "project_number": 88,
        "address_type": "city",
        "person_id": 105,
        "place": "קרית אתא",
        "approximate": true,
        "deal_id": 108
      }
    },
    {
      "type": "Feature",
      "geometry": {
        "type": "Point",
        "coordinates": [
          34.9649101,
          32.0494698
        ]
      },
      "properties": {
        "name": "Project 0089",
        "project_number": 89,
        "address_type": "city",
        "person_id": 106,
        "place": "אלעד",
        "approximate": true,
        "deal_id": 106
      }
    },
    {
      "type": "Feature",
      "geometry": {
        "type": "Point",
        "coordinates": [
          35.3660151,
          32.8949786
        ]
      },
      "properties": {
        "name": "Project 0090",
        "project_number": 90,
        "address_type": "city",
        "person_id": 107,
        "place": "סלמה",
        "approximate": true,
        "deal_id": 109
      }
    },
    {
      "type": "Feature",
      "geometry": {
        "type": "Point",
        "coordinates": [
          35.2202794,
          32.6784083
        ]
      },
      "properties": {
        "name": "Project 0091",
        "project_number": 91,
        "address_type": "city",
        "person_id": 108,
        "place": "מגדל העמק",
        "approximate": true,
        "deal_id": 110
      }
    },
    {
      "type": "Feature",
      "geometry": {
        "type": "Point",
        "coordinates": [
          35.3602562,
          32.9676244
        ]
      },
      "properties": {
        "name": "Project 0092",
        "project_number": 92,
        "address_type": "city",
        "person_id": 109,
        "place": "Beit Jann",
        "approximate": true,
        "deal_id": 112
      }
    },
    {
      "type": "Feature",
      "geometry": {
        "type": "Point",
        "coordinates": [
          34.5411144,
          31.4338581
        ]
      },
      "properties": {
        "name": "Project 0093",
        "project_number": 93,
        "address_type": "street",
        "person_id": 110,
        "place": "כפר מימון",
        "approximate": true,
        "deal_id": 111
      }
    },
    {
      "type": "Feature",
      "geometry": {
        "type": "Point",
        "coordinates": [
          35.1108305,
          32.8077778
        ]
      },
      "properties": {
        "name": "Project 0095",
        "project_number": 95,
        "address_type": "city",
        "person_id": 112,
        "place": "קרית אתא",
        "approximate": true,
        "deal_id": 116
      }
    },
    {
      "type": "Feature",
      "geometry": {
        "type": "Point",
        "coordinates": [
          35.4817745,
          32.5264411
        ]
      },
      "properties": {
        "name": "Project 0096",
        "project_number": 96,
        "address_type": "city",
        "person_id": 113,
        "place": "שדה נחום",
        "approximate": true,
        "deal_id": 115
      }
    },
    {
      "type": "Feature",
      "geometry": {
        "type": "Point",
        "coordinates": [
          35.2665115,
          32.9960356
        ]
      },
      "properties": {
        "name": "Project 0097",
        "project_number": 97,
        "address_type": "street",
        "person_id": 114,
        "place": "כפר ורדים",
        "approximate": false,
        "deal_id": 113
      }
    },
    {
      "type": "Feature",
      "geometry": {
        "type": "Point",
        "coordinates": [
          35.0776054,
          32.9296427
        ]
      },
      "properties": {
        "name": "Project 0098",
        "project_number": 98,
        "address_type": "street",
        "person_id": 115,
        "place": "עכו",
        "approximate": false,
        "deal_id": 117
      }
    },
    {
      "type": "Feature",
      "geometry": {
        "type": "Point",
        "coordinates": [
          35.2202299,
          32.9439878
        ]
      },
      "properties": {
        "name": "Project 0099",
        "project_number": 99,
        "address_type": "city",
        "person_id": 146,
        "place": "ירכא",
        "approximate": true,
        "deal_id": 2059
      }
    },
    {
      "type": "Feature",
      "geometry": {
        "type": "Point",
        "coordinates": [
          35.1680766,
          32.9545442
        ]
      },
      "properties": {
        "name": "Project 0100",
        "project_number": 100,
        "address_type": "city",
        "person_id": 147,
        "place": "כפר יאסיף",
        "approximate": true,
        "deal_id": 2060
      }
    },
    {
      "type": "Feature",
      "geometry": {
        "type": "Point",
        "coordinates": [
          35.0075964,
          32.1710824
        ]
      },
      "properties": {
        "name": "Project 0101",
        "project_number": 101,
        "address_type": "city",
        "person_id": 148,
        "place": "אלפי מנשה",
        "approximate": true,
        "deal_id": 2061
      }
    },
    {
      "type": "Feature",
      "geometry": {
        "type": "Point",
        "coordinates": [
          35.2813151,
          32.9322788
        ]
      },
      "properties": {
        "name": "Project 0102",
        "project_number": 102,
        "address_type": "city",
        "person_id": 149,
        "place": "כרמיאל",
        "approximate": true,
        "deal_id": 1837
      }
    },
    {
      "type": "Feature",
      "geometry": {
        "type": "Point",
        "coordinates": [
          35.4437128,
          32.7875843
        ]
      },
      "properties": {
        "name": "Project 0103",
        "project_number": 103,
        "address_type": "city",
        "person_id": 150,
        "place": "לביא",
        "approximate": true,
        "deal_id": 2063
      }
    },
    {
      "type": "Feature",
      "geometry": {
        "type": "Point",
        "coordinates": [
          35.5802777,
          33.2153167
        ]
      },
      "properties": {
        "name": "Project 0104",
        "project_number": 104,
        "address_type": "street",
        "person_id": 151,
        "place": "קרית שמונה",
        "approximate": false,
        "deal_id": 149
      }
    },
    {
      "type": "Feature",
      "geometry": {
        "type": "Point",
        "coordinates": [
          35.3319677,
          32.9752506
        ]
      },
      "properties": {
        "name": "Project 0105",
        "project_number": 105,
        "address_type": "city",
        "person_id": 152,
        "place": "Peki'in",
        "approximate": true,
        "deal_id": 2062
      }
    },
    {
      "type": "Feature",
      "geometry": {
        "type": "Point",
        "coordinates": [
          35.2056284,
          32.8712237
        ]
      },
      "properties": {
        "name": "Project 0106",
        "project_number": 106,
        "address_type": "city",
        "person_id": 153,
        "place": "כאבול",
        "approximate": true,
        "deal_id": 2064
      }
    },
    {
      "type": "Feature",
      "geometry": {
        "type": "Point",
        "coordinates": [
          35.0777322,
          32.8446316
        ]
      },
      "properties": {
        "name": "Project 0107",
        "project_number": 107,
        "address_type": "street",
        "person_id": 154,
        "place": "קריית ים",
        "approximate": false,
        "deal_id": 2150
      }
    },
    {
      "type": "Feature",
      "geometry": {
        "type": "Point",
        "coordinates": [
          35.6214711,
          33.1801013
        ]
      },
      "properties": {
        "name": "Project 0108",
        "project_number": 108,
        "address_type": "city",
        "person_id": 155,
        "place": "גונן",
        "approximate": true,
        "deal_id": 2065
      }
    },
    {
      "type": "Feature",
      "geometry": {
        "type": "Point",
        "coordinates": [
          35.3835403,
          32.9628722
        ]
      },
      "properties": {
        "name": "Project 0109",
        "project_number": 109,
        "address_type": "city",
        "person_id": 156,
        "place": "Beit Jann",
        "approximate": true,
        "deal_id": 2069
      }
    },
    {
      "type": "Feature",
      "geometry": {
        "type": "Point",
        "coordinates": [
          35.255572,
          33.016181
        ]
      },
      "properties": {
        "name": "Project 0110",
        "project_number": 110,
        "address_type": "city",
        "person_id": 157,
        "place": "מעונה",
        "approximate": true,
        "deal_id": 2070
      }
    },
    {
      "type": "Feature",
      "geometry": {
        "type": "Point",
        "coordinates": [
          35.1358279,
          33.0821563
        ]
      },
      "properties": {
        "name": "Project 0111",
        "project_number": 111,
        "address_type": "street",
        "person_id": 158,
        "place": "שלומי",
        "approximate": false,
        "deal_id": 2071
      }
    },
    {
      "type": "Feature",
      "geometry": {
        "type": "Point",
        "coordinates": [
          34.9138271,
          32.2843556
        ]
      },
      "properties": {
        "name": "Project 0112",
        "project_number": 112,
        "address_type": "city",
        "person_id": 159,
        "place": "קדימה - צורן",
        "approximate": true,
        "deal_id": 2073
      }
    },
    {
      "type": "Feature",
      "geometry": {
        "type": "Point",
        "coordinates": [
          34.9282242,
          32.0463023
        ]
      },
      "properties": {
        "name": "Project 0113",
        "project_number": 113,
        "address_type": "street",
        "person_id": 160,
        "place": "רינתיה",
        "approximate": false,
        "deal_id": 2075
      }
    },
    {
      "type": "Feature",
      "geometry": {
        "type": "Point",
        "coordinates": [
          35.1004066,
          32.9750424
        ]
      },
      "properties": {
        "name": "Project 0114",
        "project_number": 114,
        "address_type": "city",
        "person_id": 161,
        "place": "רגבה",
        "approximate": true,
        "deal_id": 2072
      }
    },
    {
      "type": "Feature",
      "geometry": {
        "type": "Point",
        "coordinates": [
          35.1077403,
          32.7544595
        ]
      },
      "properties": {
        "name": "Project 0115",
        "project_number": 115,
        "address_type": "street",
        "person_id": 162,
        "place": "נופית",
        "approximate": false,
        "deal_id": 2076
      }
    },
    {
      "type": "Feature",
      "geometry": {
        "type": "Point",
        "coordinates": [
          35.6800586,
          32.9894804
        ]
      },
      "properties": {
        "name": "Project 0116",
        "project_number": 116,
        "address_type": "city",
        "person_id": 163,
        "place": "חד נס",
        "approximate": true,
        "deal_id": 2074
      }
    },
    {
      "type": "Feature",
      "geometry": {
        "type": "Point",
        "coordinates": [
          35.7503788,
          33.193229
        ]
      },
      "properties": {
        "name": "Project 0117",
        "project_number": 117,
        "address_type": "city",
        "person_id": 164,
        "place": "אודם",
        "approximate": true,
        "deal_id": 2079
      }
    },
    {
      "type": "Feature",
      "geometry": {
        "type": "Point",
        "coordinates": [
          35.2415008,
          32.7495274
        ]
      },
      "properties": {
        "name": "Project 0118",
        "project_number": 118,
        "address_type": "city",
        "person_id": 165,
        "place": "הסוללים",
        "approximate": true,
        "deal_id": 2077
      }
    },
    {
      "type": "Feature",
      "geometry": {
        "type": "Point",
        "coordinates": [
          35.3776217,
          32.9351535
        ]
      },
      "properties": {
        "name": "Project 0119",
        "project_number": 119,
        "address_type": "city",
        "person_id": 166,
        "place": "Rameh",
        "approximate": true,
        "deal_id": 2080
      }
    },
    {
      "type": "Feature",
      "geometry": {
        "type": "Point",
        "coordinates": [
          35.2618944,
          32.9579323
        ]
      },
      "properties": {
        "name": "Project 0120",
        "project_number": 120,
        "address_type": "city",
        "person_id": 167,
        "place": "לפידות",
        "approximate": true,
        "deal_id": 2078
      }
    },
    {
      "type": "Feature",
      "geometry": {
        "type": "Point",
        "coordinates": [
          35.2624272,
          32.9596395
        ]
      },
      "properties": {
        "name": "Project 0121",
        "project_number": 121,
        "address_type": "city",
        "person_id": 168,
        "place": "לפידות",
        "approximate": true,
        "deal_id": 2081
      }
    },
    {
      "type": "Feature",
      "geometry": {
        "type": "Point",
        "coordinates": [
          35.3614125,
          32.9089616
        ]
      },
      "properties": {
        "name": "Project 0122",
        "project_number": 122,
        "address_type": "city",
        "person_id": 169,
        "place": "כמון",
        "approximate": true,
        "deal_id": 168
      }
    },
    {
      "type": "Feature",
      "geometry": {
        "type": "Point",
        "coordinates": [
          35.100381,
          33.0048924
        ]
      },
      "properties": {
        "name": "Project 0123",
        "project_number": 123,
        "address_type": "street",
        "person_id": 170,
        "place": "נהריה",
        "approximate": false,
        "deal_id": 2083
      }
    },
    {
      "type": "Feature",
      "geometry": {
        "type": "Point",
        "coordinates": [
          34.8642617,
          32.1821217
        ]
      },
      "properties": {
        "name": "Project 0124",
        "project_number": 124,
        "address_type": "street",
        "person_id": 173,
        "place": "רעננה",
        "approximate": false,
        "deal_id": 2082
      }
    },
    {
      "type": "Feature",
      "geometry": {
        "type": "Point",
        "coordinates": [
          34.7484188,
          31.7361668
        ]
      },
      "properties": {
        "name": "Project 0125",
        "project_number": 125,
        "address_type": "city",
        "person_id": 176,
        "place": "חצב",
        "approximate": true,
        "deal_id": 2005
      }
    },
    {
      "type": "Feature",
      "geometry": {
        "type": "Point",
        "coordinates": [
          35.4965055,
          32.9599862
        ]
      },
      "properties": {
        "name": "Project 0126",
        "project_number": 126,
        "address_type": "street",
        "person_id": 177,
        "place": "צפת",
        "approximate": false,
        "deal_id": 2001
      }
    },
    {
      "type": "Feature",
      "geometry": {
        "type": "Point",
        "coordinates": [
          34.9398169,
          31.9980713
        ]
      },
      "properties": {
        "name": "Project 0127",
        "project_number": 127,
        "address_type": "city",
        "person_id": 178,
        "place": "ברקת",
        "approximate": true,
        "deal_id": 2002
      }
    },
    {
      "type": "Feature",
      "geometry": {
        "type": "Point",
        "coordinates": [
          34.9240475,
          32.1465725
        ]
      },
      "properties": {
        "name": "Project 0128",
        "project_number": 128,
        "address_type": "city",
        "person_id": 179,
        "place": "אלישמע",
        "approximate": true,
        "deal_id": 1997
      }
    },
    {
      "type": "Feature",
      "geometry": {
        "type": "Point",
        "coordinates": [
          35.3542009,
          32.9321563
        ]
      },
      "properties": {
        "name": "Project 0129",
        "project_number": 129,
        "address_type": "city",
        "person_id": 180,
        "place": "סאג'ור",
        "approximate": true,
        "deal_id": 2000
      }
    },
    {
      "type": "Feature",
      "geometry": {
        "type": "Point",
        "coordinates": [
          34.9194635,
          32.4348554
        ]
      },
      "properties": {
        "name": "Project 0130",
        "project_number": 130,
        "address_type": "street",
        "person_id": 181,
        "place": "חדרה",
        "approximate": false,
        "deal_id": 1996
      }
    },
    {
      "type": "Feature",
      "geometry": {
        "type": "Point",
        "coordinates": [
          34.9347712,
          32.6414559
        ]
      },
      "properties": {
        "name": "Project 0131",
        "project_number": 131,
        "address_type": "street",
        "person_id": 182,
        "place": "עתלית",
        "approximate": false,
        "deal_id": 1998
      }
    },
    {
      "type": "Feature",
      "geometry": {
        "type": "Point",
        "coordinates": [
          35.09299,
          32.9272702
        ]
      },
      "properties": {
        "name": "Project 0132",
        "project_number": 132,
        "address_type": "city",
        "person_id": 183,
        "place": "עכו",
        "approximate": true,
        "deal_id": 1999
      }
    },
    {
      "type": "Feature",
      "geometry": {
        "type": "Point",
        "coordinates": [
          34.8865273,
          31.9464795
        ]
      },
      "properties": {
        "name": "Project 0133",
        "project_number": 133,
        "address_type": "street",
        "person_id": 184,
        "place": "לוד",
        "approximate": false,
        "deal_id": 2004
      }
    },
    {
      "type": "Feature",
      "geometry": {
        "type": "Point",
        "coordinates": [
          35.1447943,
          32.5369548
        ]
      },
      "properties": {
        "name": "Project 0134",
        "project_number": 134,
        "address_type": "city",
        "person_id": 185,
        "place": "Ma'ale Iron",
        "approximate": true,
        "deal_id": 2003
      }
    },
    {
      "type": "Feature",
      "geometry": {
        "type": "Point",
        "coordinates": [
          34.8626324,
          31.9866316
        ]
      },
      "properties": {
        "name": "Project 0135",
        "project_number": 135,
        "address_type": "city",
        "person_id": 186,
        "place": "אחיעזר",
        "approximate": true,
        "deal_id": 2006
      }
    },
    {
      "type": "Feature",
      "geometry": {
        "type": "Point",
        "coordinates": [
          35.1065263,
          32.8046422
        ]
      },
      "properties": {
        "name": "Project 0136",
        "project_number": 136,
        "address_type": "city",
        "person_id": 187,
        "place": "קרית אתא",
        "approximate": true,
        "deal_id": 2007
      }
    },
    {
      "type": "Feature",
      "geometry": {
        "type": "Point",
        "coordinates": [
          35.4942834,
          32.5035396
        ]
      },
      "properties": {
        "name": "Project 0137",
        "project_number": 137,
        "address_type": "street",
        "person_id": 188,
        "place": "בית שאן",
        "approximate": false,
        "deal_id": 2009
      }
    },
    {
      "type": "Feature",
      "geometry": {
        "type": "Point",
        "coordinates": [
          35.1765028,
          32.9048507
        ]
      },
      "properties": {
        "name": "Project 0138",
        "project_number": 138,
        "address_type": "city",
        "person_id": 189,
        "place": "אחיהוד",
        "approximate": true,
        "deal_id": 2008
      }
    },
    {
      "type": "Feature",
      "geometry": {
        "type": "Point",
        "coordinates": [
          35.1015284,
          32.8016684
        ]
      },
      "properties": {
        "name": "Project 0139",
        "project_number": 139,
        "address_type": "city",
        "person_id": 190,
        "place": "קרית אתא",
        "approximate": true,
        "deal_id": 2010
      }
    },
    {
      "type": "Feature",
      "geometry": {
        "type": "Point",
        "coordinates": [
          34.8478583,
          31.9956353
        ]
      },
      "properties": {
        "name": "Project 0140",
        "project_number": 140,
        "address_type": "city",
        "person_id": 191,
        "place": "כפר חב\"ד",
        "approximate": true,
        "deal_id": 2013
      }
    },
    {
      "type": "Feature",
      "geometry": {
        "type": "Point",
        "coordinates": [
          35.4711056,
          33.0903354
        ]
      },
      "properties": {
        "name": "Project 0141",
        "project_number": 141,
        "address_type": "city",
        "person_id": 192,
        "place": "אביבים",
        "approximate": true,
        "deal_id": 2011
      }
    },
    {
      "type": "Feature",
      "geometry": {
        "type": "Point",
        "coordinates": [
          35.3570566,
          33.0140753
        ]
      },
      "properties": {
        "name": "Project 0142",
        "project_number": 142,
        "address_type": "city",
        "person_id": 193,
        "place": "Hurfeish",
        "approximate": true,
        "deal_id": 2015
      }
    },
    {
      "type": "Feature",
      "geometry": {
        "type": "Point",
        "coordinates": [
          35.380002,
          32.957903
        ]
      },
      "properties": {
        "name": "Project 0143",
        "project_number": 143,
        "address_type": "city",
        "person_id": 194,
        "place": "Beit Jann",
        "approximate": true,
        "deal_id": 2016
      }
    },
    {
      "type": "Feature",
      "geometry": {
        "type": "Point",
        "coordinates": [
          34.9183663,
          32.2980695
        ]
      },
      "properties": {
        "name": "Project 0144",
        "project_number": 144,
        "address_type": "city",
        "person_id": 195,
        "place": "צור משה",
        "approximate": true,
        "deal_id": 2012
      }
    },
    {
      "type": "Feature",
      "geometry": {
        "type": "Point",
        "coordinates": [
          35.6211118,
          33.2215336
        ]
      },
      "properties": {
        "name": "Project 0145",
        "project_number": 145,
        "address_type": "city",
        "person_id": 196,
        "place": "הגושרים",
        "approximate": true,
        "deal_id": 2014
      }
    },
    {
      "type": "Feature",
      "geometry": {
        "type": "Point",
        "coordinates": [
          35.621945,
          33.2238406
        ]
      },
      "properties": {
        "name": "Project 0146",
        "project_number": 146,
        "address_type": "city",
        "person_id": 197,
        "place": "הגושרים",
        "approximate": true,
        "deal_id": 2017
      }
    },
    {
      "type": "Feature",
      "geometry": {
        "type": "Point",
        "coordinates": [
          34.9187744,
          32.2976928
        ]
      },
      "properties": {
        "name": "Project 0147",
        "project_number": 147,
        "address_type": "city",
        "person_id": 198,
        "place": "צור משה",
        "approximate": true,
        "deal_id": 2019
      }
    },
    {
      "type": "Feature",
      "geometry": {
        "type": "Point",
        "coordinates": [
          35.623067,
          33.2204528
        ]
      },
      "properties": {
        "name": "Project 0148",
        "project_number": 148,
        "address_type": "city",
        "person_id": 199,
        "place": "הגושרים",
        "approximate": true,
        "deal_id": 2018
      }
    },
    {
      "type": "Feature",
      "geometry": {
        "type": "Point",
        "coordinates": [
          35.615092,
          33.222763
        ]
      },
      "properties": {
        "name": "Project 0149",
        "project_number": 149,
        "address_type": "city",
        "person_id": 200,
        "place": "הגושרים",
        "approximate": true,
        "deal_id": 2020
      }
    },
    {
      "type": "Feature",
      "geometry": {
        "type": "Point",
        "coordinates": [
          34.9199062,
          32.2942194
        ]
      },
      "properties": {
        "name": "Project 0150",
        "project_number": 150,
        "address_type": "city",
        "person_id": 201,
        "place": "צור משה",
        "approximate": true,
        "deal_id": 2024
      }
    },
    {
      "type": "Feature",
      "geometry": {
        "type": "Point",
        "coordinates": [
          35.0544538,
          32.702003
        ]
      },
      "properties": {
        "name": "Project 0151",
        "project_number": 151,
        "address_type": "city",
        "person_id": 202,
        "place": "Daliyat al-Karmel",
        "approximate": true,
        "deal_id": 2022
      }
    },
    {
      "type": "Feature",
      "geometry": {
        "type": "Point",
        "coordinates": [
          35.191769,
          32.8539602
        ]
      },
      "properties": {
        "name": "Project 0152",
        "project_number": 152,
        "address_type": "city",
        "person_id": 203,
        "place": "טמרה",
        "approximate": true,
        "deal_id": 2025
      }
    },
    {
      "type": "Feature",
      "geometry": {
        "type": "Point",
        "coordinates": [
          34.6545749,
          31.4500331
        ]
      },
      "properties": {
        "name": "Project 0153",
        "project_number": 153,
        "address_type": "city",
        "person_id": 204,
        "place": "מבועים",
        "approximate": true,
        "deal_id": 2023
      }
    },
    {
      "type": "Feature",
      "geometry": {
        "type": "Point",
        "coordinates": [
          35.2841428,
          33.0828018
        ]
      },
      "properties": {
        "name": "Project 0154",
        "project_number": 154,
        "address_type": "city",
        "person_id": 205,
        "place": "שומרה",
        "approximate": true,
        "deal_id": 2026
      }
    },
    {
      "type": "Feature",
      "geometry": {
        "type": "Point",
        "coordinates": [
          35.2957416,
          32.9103192
        ]
      },
      "properties": {
        "name": "Project 0155",
        "project_number": 155,
        "address_type": "street",
        "person_id": 206,
        "place": "כרמיאל",
        "approximate": false,
        "deal_id": 2027
      }
    },
    {
      "type": "Feature",
      "geometry": {
        "type": "Point",
        "coordinates": [
          35.0950306,
          33.0051351
        ]
      },
      "properties": {
        "name": "Project 0156",
        "project_number": 156,
        "address_type": "street",
        "person_id": 207,
        "place": "נהריה",
        "approximate": false,
        "deal_id": 2021
      }
    },
    {
      "type": "Feature",
      "geometry": {
        "type": "Point",
        "coordinates": [
          35.5812104,
          33.2134637
        ]
      },
      "properties": {
        "name": "Project 0157",
        "project_number": 157,
        "address_type": "street",
        "person_id": 208,
        "place": "קרית שמונה",
        "approximate": false,
        "deal_id": 2031
      }
    },
    {
      "type": "Feature",
      "geometry": {
        "type": "Point",
        "coordinates": [
          35.5401874,
          33.2178446
        ]
      },
      "properties": {
        "name": "Project 0158",
        "project_number": 158,
        "address_type": "city",
        "person_id": 209,
        "place": "מרגליות",
        "approximate": true,
        "deal_id": 2028
      }
    },
    {
      "type": "Feature",
      "geometry": {
        "type": "Point",
        "coordinates": [
          35.5674599,
          33.0450631
        ]
      },
      "properties": {
        "name": "Project 0159",
        "project_number": 159,
        "address_type": "city",
        "person_id": 210,
        "place": "שדה אליעזר",
        "approximate": true,
        "deal_id": 2030
      }
    },
    {
      "type": "Feature",
      "geometry": {
        "type": "Point",
        "coordinates": [
          35.6100841,
          33.1711829
        ]
      },
      "properties": {
        "name": "Project 0160",
        "project_number": 160,
        "address_type": "street",
        "person_id": 211,
        "place": "פלגי מים",
        "approximate": false,
        "deal_id": 2029
      }
    },
    {
      "type": "Feature",
      "geometry": {
        "type": "Point",
        "coordinates": [
          35.0773747,
          32.9284608
        ]
      },
      "properties": {
        "name": "Project 0161",
        "project_number": 161,
        "address_type": "street",
        "person_id": 212,
        "place": "עכו",
        "approximate": false,
        "deal_id": 2033
      }
    },
    {
      "type": "Feature",
      "geometry": {
        "type": "Point",
        "coordinates": [
          35.1533507,
          32.7407582
        ]
      },
      "properties": {
        "name": "Project 0162",
        "project_number": 162,
        "address_type": "city",
        "person_id": 213,
        "place": "בסמת טבעון",
        "approximate": true,
        "deal_id": 2034
      }
    },
    {
      "type": "Feature",
      "geometry": {
        "type": "Point",
        "coordinates": [
          35.1576862,
          32.9550563
        ]
      },
      "properties": {
        "name": "Project 0163",
        "project_number": 163,
        "address_type": "city",
        "person_id": 214,
        "place": "אשרת",
        "approximate": true,
        "deal_id": 2035
      }
    },
    {
      "type": "Feature",
      "geometry": {
        "type": "Point",
        "coordinates": [
          35.1346555,
          32.7687172
        ]
      },
      "properties": {
        "name": "Project 0164",
        "project_number": 164,
        "address_type": "city",
        "person_id": 215,
        "place": "חוואלד",
        "approximate": true,
        "deal_id": 2032
      }
    },
    {
      "type": "Feature",
      "geometry": {
        "type": "Point",
        "coordinates": [
          34.9367762,
          31.3121286
        ]
      },
      "properties": {
        "name": "Project 0165",
        "project_number": 165,
        "address_type": "city",
        "person_id": 216,
        "place": "מיתר",
        "approximate": true,
        "deal_id": 2036
      }
    },
    {
      "type": "Feature",
      "geometry": {
        "type": "Point",
        "coordinates": [
          34.9445709,
          31.3307864
        ]
      },
      "properties": {
        "name": "Project 0166",
        "project_number": 166,
        "address_type": "city",
        "person_id": 217,
        "place": "מיתר",
        "approximate": true,
        "deal_id": 2039
      }
    },
    {
      "type": "Feature",
      "geometry": {
        "type": "Point",
        "coordinates": [
          34.8888117,
          32.091401
        ]
      },
      "properties": {
        "name": "Project 0167",
        "project_number": 167,
        "address_type": "street",
        "person_id": 218,
        "place": "פתח תקווה",
        "approximate": false,
        "deal_id": 2037
      }
    },
    {
      "type": "Feature",
      "geometry": {
        "type": "Point",
        "coordinates": [
          35.3718692,
          32.9655687
        ]
      },
      "properties": {
        "name": "Project 0168",
        "project_number": 168,
        "address_type": "city",
        "person_id": 219,
        "place": "Beit Jann",
        "approximate": true,
        "deal_id": 2038
      }
    },
    {
      "type": "Feature",
      "geometry": {
        "type": "Point",
        "coordinates": [
          35.1456681,
          33.0733902
        ]
      },
      "properties": {
        "name": "Project 0169",
        "project_number": 169,
        "address_type": "street",
        "person_id": 220,
        "place": "שלומי",
        "approximate": false,
        "deal_id": 2041
      }
    },
    {
      "type": "Feature",
      "geometry": {
        "type": "Point",
        "coordinates": [
          35.0874968,
          32.9892757
        ]
      },
      "properties": {
        "name": "Project 0170",
        "project_number": 170,
        "address_type": "city",
        "person_id": 221,
        "place": "נהריה",
        "approximate": true,
        "deal_id": 2040
      }
    },
    {
      "type": "Feature",
      "geometry": {
        "type": "Point",
        "coordinates": [
          35.3615413,
          32.9085938
        ]
      },
      "properties": {
        "name": "Project 0171",
        "project_number": 171,
        "address_type": "city",
        "person_id": 222,
        "place": "כמון",
        "approximate": true,
        "deal_id": 2122
      }
    },
    {
      "type": "Feature",
      "geometry": {
        "type": "Point",
        "coordinates": [
          34.9335652,
          32.274186
        ]
      },
      "properties": {
        "name": "Project 0172",
        "project_number": 172,
        "address_type": "street",
        "person_id": 223,
        "place": "עין שריד",
        "approximate": false,
        "deal_id": 2042
      }
    },
    {
      "type": "Feature",
      "geometry": {
        "type": "Point",
        "coordinates": [
          35.2647586,
          33.0127292
        ]
      },
      "properties": {
        "name": "Project 0173",
        "project_number": 173,
        "address_type": "city",
        "person_id": 224,
        "place": "מעלות תרשיחא",
        "approximate": true,
        "deal_id": 2049
      }
    },
    {
      "type": "Feature",
      "geometry": {
        "type": "Point",
        "coordinates": [
          35.5657448,
          33.2131544
        ]
      },
      "properties": {
        "name": "Project 0174",
        "project_number": 174,
        "address_type": "city",
        "person_id": 225,
        "place": "קרית שמונה",
        "approximate": true,
        "deal_id": 2046
      }
    },
    {
      "type": "Feature",
      "geometry": {
        "type": "Point",
        "coordinates": [
          35.111906,
          32.7610054
        ]
      },
      "properties": {
        "name": "Project 0175",
        "project_number": 175,
        "address_type": "city",
        "person_id": 226,
        "place": "Ibtin",
        "approximate": true,
        "deal_id": 2044
      }
    },
    {
      "type": "Feature",
      "geometry": {
        "type": "Point",
        "coordinates": [
          35.2619387,
          32.9970751
        ]
      },
      "properties": {
        "name": "Project 0176",
        "project_number": 176,
        "address_type": "street",
        "person_id": 227,
        "place": "כפר ורדים",
        "approximate": false,
        "deal_id": 2047
      }
    },
    {
      "type": "Feature",
      "geometry": {
        "type": "Point",
        "coordinates": [
          35.2875977,
          32.906599
        ]
      },
      "properties": {
        "name": "Project 0177",
        "project_number": 177,
        "address_type": "street",
        "person_id": 228,
        "place": "כרמיאל",
        "approximate": false,
        "deal_id": 2045
      }
    },
    {
      "type": "Feature",
      "geometry": {
        "type": "Point",
        "coordinates": [
          35.1498829,
          32.5518485
        ]
      },
      "properties": {
        "name": "Project 0178",
        "project_number": 178,
        "address_type": "city",
        "person_id": 229,
        "place": "Ma'ale Iron",
        "approximate": true,
        "deal_id": 2048
      }
    },
    {
      "type": "Feature",
      "geometry": {
        "type": "Point",
        "coordinates": [
          35.3965566,
          32.9068751
        ]
      },
      "properties": {
        "name": "Project 0179",
        "project_number": 179,
        "address_type": "city",
        "person_id": 230,
        "place": "חזון",
        "approximate": true,
        "deal_id": 2053
      }
    },
    {
      "type": "Feature",
      "geometry": {
        "type": "Point",
        "coordinates": [
          35.5796495,
          33.2141899
        ]
      },
      "properties": {
        "name": "Project 0180",
        "project_number": 180,
        "address_type": "street",
        "person_id": 231,
        "place": "קרית שמונה",
        "approximate": false,
        "deal_id": 2052
      }
    },
    {
      "type": "Feature",
      "geometry": {
        "type": "Point",
        "coordinates": [
          34.8591293,
          32.3014264
        ]
      },
      "properties": {
        "name": "Project 0181",
        "project_number": 181,
        "address_type": "street",
        "person_id": 232,
        "place": "נתניה",
        "approximate": false,
        "deal_id": 2050
      }
    },
    {
      "type": "Feature",
      "geometry": {
        "type": "Point",
        "coordinates": [
          35.3370405,
          32.9419993
        ]
      },
      "properties": {
        "name": "Project 0182",
        "project_number": 182,
        "address_type": "city",
        "person_id": 233,
        "place": "סאג'ור",
        "approximate": true,
        "deal_id": 2051
      }
    },
    {
      "type": "Feature",
      "geometry": {
        "type": "Point",
        "coordinates": [
          35.2112962,
          32.6763974
        ]
      },
      "properties": {
        "name": "Project 0183",
        "project_number": 183,
        "address_type": "city",
        "person_id": 234,
        "place": "גבת",
        "approximate": true,
        "deal_id": 2054
      }
    },
    {
      "type": "Feature",
      "geometry": {
        "type": "Point",
        "coordinates": [
          35.1367632,
          33.081911
        ]
      },
      "properties": {
        "name": "Project 0184",
        "project_number": 184,
        "address_type": "street",
        "person_id": 235,
        "place": "שלומי",
        "approximate": false,
        "deal_id": 2055
      }
    },
    {
      "type": "Feature",
      "geometry": {
        "type": "Point",
        "coordinates": [
          34.6467378,
          31.7888155
        ]
      },
      "properties": {
        "name": "Project 0185",
        "project_number": 185,
        "address_type": "street",
        "person_id": 236,
        "place": "אשדוד",
        "approximate": false,
        "deal_id": 2058
      }
    },
    {
      "type": "Feature",
      "geometry": {
        "type": "Point",
        "coordinates": [
          35.5084778,
          32.9713655
        ]
      },
      "properties": {
        "name": "Project 0186",
        "project_number": 186,
        "address_type": "city",
        "person_id": 237,
        "place": "צפת",
        "approximate": true,
        "deal_id": 2056
      }
    },
    {
      "type": "Feature",
      "geometry": {
        "type": "Point",
        "coordinates": [
          35.0829292,
          32.9281754
        ]
      },
      "properties": {
        "name": "Project 0187",
        "project_number": 187,
        "address_type": "street",
        "person_id": 238,
        "place": "עכו",
        "approximate": false,
        "deal_id": 2057
      }
    },
    {
      "type": "Feature",
      "geometry": {
        "type": "Point",
        "coordinates": [
          35.3807947,
          32.9557484
        ]
      },
      "properties": {
        "name": "Project 0188",
        "project_number": 188,
        "address_type": "city",
        "person_id": 1499,
        "place": "Beit Jann",
        "approximate": true,
        "deal_id": 1558
      }
    },
    {
      "type": "Feature",
      "geometry": {
        "type": "Point",
        "coordinates": [
          34.7568083,
          32.0455761
        ]
      },
      "properties": {
        "name": "Project 0190",
        "project_number": 190,
        "address_type": "city",
        "person_id": 1501,
        "place": "עולש",
        "approximate": true,
        "deal_id": 1561
      }
    },
    {
      "type": "Feature",
      "geometry": {
        "type": "Point",
        "coordinates": [
          35.4676577,
          31.9067237
        ]
      },
      "properties": {
        "name": "Project 0191",
        "project_number": 191,
        "address_type": "city",
        "person_id": 1502,
        "place": "נעמה",
        "approximate": true,
        "deal_id": 1556
      }
    },
    {
      "type": "Feature",
      "geometry": {
        "type": "Point",
        "coordinates": [
          35.190233,
          32.944286
        ]
      },
      "properties": {
        "name": "Project 0192",
        "project_number": 192,
        "address_type": "city",
        "person_id": 1503,
        "place": "ג'וליס",
        "approximate": true,
        "deal_id": 1564
      }
    },
    {
      "type": "Feature",
      "geometry": {
        "type": "Point",
        "coordinates": [
          35.2845858,
          32.8992141
        ]
      },
      "properties": {
        "name": "Project 0193",
        "project_number": 193,
        "address_type": "city",
        "person_id": 1504,
        "place": "מנוף",
        "approximate": true,
        "deal_id": 1557
      }
    },
    {
      "type": "Feature",
      "geometry": {
        "type": "Point",
        "coordinates": [
          35.4683912,
          31.9096813
        ]
      },
      "properties": {
        "name": "Project 0194",
        "project_number": 194,
        "address_type": "city",
        "person_id": 1505,
        "place": "נעמה",
        "approximate": true,
        "deal_id": 1559
      }
    },
    {
      "type": "Feature",
      "geometry": {
        "type": "Point",
        "coordinates": [
          35.2552694,
          32.9825214
        ]
      },
      "properties": {
        "name": "Project 0195",
        "project_number": 195,
        "address_type": "city",
        "person_id": 1506,
        "place": "ינוח",
        "approximate": true,
        "deal_id": 1563
      }
    },
    {
      "type": "Feature",
      "geometry": {
        "type": "Point",
        "coordinates": [
          35.0348496,
          32.3970156
        ]
      },
      "properties": {
        "name": "Project 0196",
        "project_number": 196,
        "address_type": "city",
        "person_id": 1507,
        "place": "ג'נסור",
        "approximate": true,
        "deal_id": 1562
      }
    },
    {
      "type": "Feature",
      "geometry": {
        "type": "Point",
        "coordinates": [
          35.1863936,
          32.9359482
        ]
      },
      "properties": {
        "name": "Project 0197",
        "project_number": 197,
        "address_type": "city",
        "person_id": 1508,
        "place": "ג'וליס",
        "approximate": true,
        "deal_id": 1565
      }
    },
    {
      "type": "Feature",
      "geometry": {
        "type": "Point",
        "coordinates": [
          35.1830741,
          32.9492596
        ]
      },
      "properties": {
        "name": "Project 0198",
        "project_number": 198,
        "address_type": "city",
        "person_id": 1509,
        "place": "ג'וליס",
        "approximate": true,
        "deal_id": 1567
      }
    },
    {
      "type": "Feature",
      "geometry": {
        "type": "Point",
        "coordinates": [
          35.2915668,
          32.8879273
        ]
      },
      "properties": {
        "name": "Project 0199",
        "project_number": 199,
        "address_type": "city",
        "person_id": 1510,
        "place": "כחול",
        "approximate": true,
        "deal_id": 1569
      }
    },
    {
      "type": "Feature",
      "geometry": {
        "type": "Point",
        "coordinates": [
          35.3746558,
          32.8891928
        ]
      },
      "properties": {
        "name": "Project 0200",
        "project_number": 200,
        "address_type": "city",
        "person_id": 1511,
        "place": "סלמה",
        "approximate": true,
        "deal_id": 1570
      }
    },
    {
      "type": "Feature",
      "geometry": {
        "type": "Point",
        "coordinates": [
          35.1790137,
          32.9464478
        ]
      },
      "properties": {
        "name": "Project 0201",
        "project_number": 201,
        "address_type": "city",
        "person_id": 1512,
        "place": "ג'וליס",
        "approximate": true,
        "deal_id": 1566
      }
    },
    {
      "type": "Feature",
      "geometry": {
        "type": "Point",
        "coordinates": [
          35.467299,
          31.9080563
        ]
      },
      "properties": {
        "name": "Project 0202",
        "project_number": 202,
        "address_type": "city",
        "person_id": 1513,
        "place": "נעמה",
        "approximate": true,
        "deal_id": 1568
      }
    },
    {
      "type": "Feature",
      "geometry": {
        "type": "Point",
        "coordinates": [
          35.4485668,
          31.9874146
        ]
      },
      "properties": {
        "name": "Project 0203",
        "project_number": 203,
        "address_type": "city",
        "person_id": 1514,
        "place": "נתיב הגדוד",
        "approximate": true,
        "deal_id": 1571
      }
    },
    {
      "type": "Feature",
      "geometry": {
        "type": "Point",
        "coordinates": [
          35.2825489,
          32.9017493
        ]
      },
      "properties": {
        "name": "Project 0204",
        "project_number": 204,
        "address_type": "city",
        "person_id": 1515,
        "place": "מנוף",
        "approximate": true,
        "deal_id": 1573
      }
    },
    {
      "type": "Feature",
      "geometry": {
        "type": "Point",
        "coordinates": [
          35.0901017,
          31.7893767
        ]
      },
      "properties": {
        "name": "Project 0205",
        "project_number": 205,
        "address_type": "city",
        "person_id": 1516,
        "place": "גבעת יערים",
        "approximate": true,
        "deal_id": 1575
      }
    },
    {
      "type": "Feature",
      "geometry": {
        "type": "Point",
        "coordinates": [
          35.2280632,
          32.9558995
        ]
      },
      "properties": {
        "name": "Project 0206",
        "project_number": 206,
        "address_type": "city",
        "person_id": 1517,
        "place": "ג׳ת",
        "approximate": true,
        "deal_id": 1574
      }
    },
    {
      "type": "Feature",
      "geometry": {
        "type": "Point",
        "coordinates": [
          35.2740563,
          32.9944836
        ]
      },
      "properties": {
        "name": "Project 0207",
        "project_number": 207,
        "address_type": "street",
        "person_id": 1518,
        "place": "כפר ורדים",
        "approximate": false,
        "deal_id": 1572
      }
    },
    {
      "type": "Feature",
      "geometry": {
        "type": "Point",
        "coordinates": [
          35.272902,
          32.8764785
        ]
      },
      "properties": {
        "name": "Project 0208",
        "project_number": 208,
        "address_type": "city",
        "person_id": 1519,
        "place": "מנוף",
        "approximate": true,
        "deal_id": 1580
      }
    },
    {
      "type": "Feature",
      "geometry": {
        "type": "Point",
        "coordinates": [
          35.1908736,
          32.9426887
        ]
      },
      "properties": {
        "name": "Project 0209",
        "project_number": 209,
        "address_type": "city",
        "person_id": 1520,
        "place": "ג'וליס",
        "approximate": true,
        "deal_id": 1578
      }
    },
    {
      "type": "Feature",
      "geometry": {
        "type": "Point",
        "coordinates": [
          35.1635478,
          32.7028592
        ]
      },
      "properties": {
        "name": "Project 0210",
        "project_number": 210,
        "address_type": "city",
        "person_id": 1521,
        "place": "רמת ישי",
        "approximate": true,
        "deal_id": 1576
      }
    },
    {
      "type": "Feature",
      "geometry": {
        "type": "Point",
        "coordinates": [
          35.3836628,
          32.9664466
        ]
      },
      "properties": {
        "name": "Project 0211",
        "project_number": 211,
        "address_type": "city",
        "person_id": 1522,
        "place": "Beit Jann",
        "approximate": true,
        "deal_id": 1579
      }
    },
    {
      "type": "Feature",
      "geometry": {
        "type": "Point",
        "coordinates": [
          35.2917084,
          32.8883325
        ]
      },
      "properties": {
        "name": "Project 0212",
        "project_number": 212,
        "address_type": "city",
        "person_id": 1523,
        "place": "כחול",
        "approximate": true,
        "deal_id": 1577
      }
    },
    {
      "type": "Feature",
      "geometry": {
        "type": "Point",
        "coordinates": [
          35.1759966,
          32.9388691
        ]
      },
      "properties": {
        "name": "Project 0213",
        "project_number": 213,
        "address_type": "city",
        "person_id": 1524,
        "place": "ג'וליס",
        "approximate": true,
        "deal_id": 1582
      }
    },
    {
      "type": "Feature",
      "geometry": {
        "type": "Point",
        "coordinates": [
          34.7697192,
          32.05884
        ]
      },
      "properties": {
        "name": "Project 0214",
        "project_number": 214,
        "address_type": "city",
        "person_id": 1525,
        "place": "עולש",
        "approximate": true,
        "deal_id": 1581
      }
    },
    {
      "type": "Feature",
      "geometry": {
        "type": "Point",
        "coordinates": [
          35.1806887,
          32.9430008
        ]
      },
      "properties": {
        "name": "Project 0215",
        "project_number": 215,
        "address_type": "city",
        "person_id": 1526,
        "place": "ג'ולס ת.ד",
        "approximate": true,
        "deal_id": 1586
      }
    },
    {
      "type": "Feature",
      "geometry": {
        "type": "Point",
        "coordinates": [
          35.1863273,
          32.9445322
        ]
      },
      "properties": {
        "name": "Project 0216",
        "project_number": 216,
        "address_type": "city",
        "person_id": 1527,
        "place": "ג'וליס",
        "approximate": true,
        "deal_id": 1585
      }
    },
    {
      "type": "Feature",
      "geometry": {
        "type": "Point",
        "coordinates": [
          35.1594506,
          32.9653277
        ]
      },
      "properties": {
        "name": "Project 0217",
        "project_number": 217,
        "address_type": "city",
        "person_id": 1528,
        "place": "Abu Snan",
        "approximate": true,
        "deal_id": 1583
      }
    },
    {
      "type": "Feature",
      "geometry": {
        "type": "Point",
        "coordinates": [
          35.190359,
          32.9389668
        ]
      },
      "properties": {
        "name": "Project 0218",
        "project_number": 218,
        "address_type": "city",
        "person_id": 1529,
        "place": "ג'וליס",
        "approximate": true,
        "deal_id": 1584
      }
    },
    {
      "type": "Feature",
      "geometry": {
        "type": "Point",
        "coordinates": [
          35.1909138,
          32.9381314
        ]
      },
      "properties": {
        "name": "Project 0219",
        "project_number": 219,
        "address_type": "city",
        "person_id": 1530,
        "place": "ג'ולס ת.ד",
        "approximate": true,
        "deal_id": 1587
      }
    },
    {
      "type": "Feature",
      "geometry": {
        "type": "Point",
        "coordinates": [
          35.4349524,
          33.0119308
        ]
      },
      "properties": {
        "name": "Project 0220",
        "project_number": 220,
        "address_type": "city",
        "person_id": 1531,
        "place": "Jish",
        "approximate": true,
        "deal_id": 1590
      }
    },
    {
      "type": "Feature",
      "geometry": {
        "type": "Point",
        "coordinates": [
          35.3820852,
          32.9582622
        ]
      },
      "properties": {
        "name": "Project 0221",
        "project_number": 221,
        "address_type": "city",
        "person_id": 1532,
        "place": "Beit Jann",
        "approximate": true,
        "deal_id": 1589
      }
    },
    {
      "type": "Feature",
      "geometry": {
        "type": "Point",
        "coordinates": [
          35.3857338,
          32.9528084
        ]
      },
      "properties": {
        "name": "Project 0222",
        "project_number": 222,
        "address_type": "city",
        "person_id": 1533,
        "place": "Beit Jann",
        "approximate": true,
        "deal_id": 1588
      }
    },
    {
      "type": "Feature",
      "geometry": {
        "type": "Point",
        "coordinates": [
          35.1702201,
          32.9501688
        ]
      },
      "properties": {
        "name": "Project 0223",
        "project_number": 223,
        "address_type": "city",
        "person_id": 1534,
        "place": "ג'וליס",
        "approximate": true,
        "deal_id": 1591
      }
    },
    {
      "type": "Feature",
      "geometry": {
        "type": "Point",
        "coordinates": [
          35.2178065,
          32.9549189
        ]
      },
      "properties": {
        "name": "Project 0224",
        "project_number": 224,
        "address_type": "city",
        "person_id": 1535,
        "place": "Yarka",
        "approximate": true,
        "deal_id": 1595
      }
    },
    {
      "type": "Feature",
      "geometry": {
        "type": "Point",
        "coordinates": [
          35.1783772,
          32.9429972
        ]
      },
      "properties": {
        "name": "Project 0225",
        "project_number": 225,
        "address_type": "city",
        "person_id": 1536,
        "place": "ג'וליס",
        "approximate": true,
        "deal_id": 1592
      }
    },
    {
      "type": "Feature",
      "geometry": {
        "type": "Point",
        "coordinates": [
          35.1849402,
          32.9450416
        ]
      },
      "properties": {
        "name": "Project 0226",
        "project_number": 226,
        "address_type": "city",
        "person_id": 1537,
        "place": "ג'וליס",
        "approximate": true,
        "deal_id": 1594
      }
    },
    {
      "type": "Feature",
      "geometry": {
        "type": "Point",
        "coordinates": [
          35.2287358,
          33.0107065
        ]
      },
      "properties": {
        "name": "Project 0227",
        "project_number": 227,
        "address_type": "street",
        "person_id": 1538,
        "place": "עין יעקב",
        "approximate": true,
        "deal_id": 1596
      }
    },
    {
      "type": "Feature",
      "geometry": {
        "type": "Point",
        "coordinates": [
          35.1981564,
          32.9505278
        ]
      },
      "properties": {
        "name": "Project 0228",
        "project_number": 228,
        "address_type": "city",
        "person_id": 1539,
        "place": "ג'וליס",
        "approximate": true,
        "deal_id": 1593
      }
    },
    {
      "type": "Feature",
      "geometry": {
        "type": "Point",
        "coordinates": [
          35.3853642,
          32.9585139
        ]
      },
      "properties": {
        "name": "Project 0229",
        "project_number": 229,
        "address_type": "city",
        "person_id": 1540,
        "place": "Beit Jann",
        "approximate": true,
        "deal_id": 1600
      }
    },
    {
      "type": "Feature",
      "geometry": {
        "type": "Point",
        "coordinates": [
          35.2311042,
          33.0115236
        ]
      },
      "properties": {
        "name": "Project 0230",
        "project_number": 230,
        "address_type": "city",
        "person_id": 1541,
        "place": "עין יעקב",
        "approximate": true,
        "deal_id": 1601
      }
    },
    {
      "type": "Feature",
      "geometry": {
        "type": "Point",
        "coordinates": [
          35.18779,
          32.9472007
        ]
      },
      "properties": {
        "name": "Project 0231",
        "project_number": 231,
        "address_type": "city",
        "person_id": 1542,
        "place": "ג'וליס",
        "approximate": true,
        "deal_id": 1597
      }
    },
    {
      "type": "Feature",
      "geometry": {
        "type": "Point",
        "coordinates": [
          35.3802379,
          32.9535065
        ]
      },
      "properties": {
        "name": "Project 0232",
        "project_number": 232,
        "address_type": "city",
        "person_id": 1543,
        "place": "Beit Jann",
        "approximate": true,
        "deal_id": 1598
      }
    },
    {
      "type": "Feature",
      "geometry": {
        "type": "Point",
        "coordinates": [
          35.1702903,
          32.9512006
        ]
      },
      "properties": {
        "name": "Project 0233",
        "project_number": 233,
        "address_type": "city",
        "person_id": 1544,
        "place": "ג'וליס",
        "approximate": true,
        "deal_id": 1599
      }
    },
    {
      "type": "Feature",
      "geometry": {
        "type": "Point",
        "coordinates": [
          35.1868743,
          32.9440475
        ]
      },
      "properties": {
        "name": "Project 0234",
        "project_number": 234,
        "address_type": "city",
        "person_id": 1545,
        "place": "ג'וליס",
        "approximate": true,
        "deal_id": 1602
      }
    },
    {
      "type": "Feature",
      "geometry": {
        "type": "Point",
        "coordinates": [
          35.182733,
          32.9408129
        ]
      },
      "properties": {
        "name": "Project 0235",
        "project_number": 235,
        "address_type": "city",
        "person_id": 1546,
        "place": "ג'וליס",
        "approximate": true,
        "deal_id": 1603
      }
    },
    {
      "type": "Feature",
      "geometry": {
        "type": "Point",
        "coordinates": [
          35.1655625,
          32.9501466
        ]
      },
      "properties": {
        "name": "Project 0236",
        "project_number": 236,
        "address_type": "city",
        "person_id": 1547,
        "place": "ג'וליס",
        "approximate": true,
        "deal_id": 1604
      }
    },
    {
      "type": "Feature",
      "geometry": {
        "type": "Point",
        "coordinates": [
          35.2281111,
          33.0080133
        ]
      },
      "properties": {
        "name": "Project 0237",
        "project_number": 237,
        "address_type": "street",
        "person_id": 1548,
        "place": "עין יעקב",
        "approximate": true,
        "deal_id": 1605
      }
    },
    {
      "type": "Feature",
      "geometry": {
        "type": "Point",
        "coordinates": [
          34.936535,
          32.2942361
        ]
      },
      "properties": {
        "name": "Project 0238",
        "project_number": 238,
        "address_type": "street",
        "person_id": 1549,
        "place": "קדימה - צורן",
        "approximate": false,
        "deal_id": 1608
      }
    },
    {
      "type": "Feature",
      "geometry": {
        "type": "Point",
        "coordinates": [
          35.4972149,
          32.9587898
        ]
      },
      "properties": {
        "name": "Project 0239",
        "project_number": 239,
        "address_type": "street",
        "person_id": 1550,
        "place": "צפת",
        "approximate": false,
        "deal_id": 1606
      }
    },
    {
      "type": "Feature",
      "geometry": {
        "type": "Point",
        "coordinates": [
          35.1844978,
          32.9435111
        ]
      },
      "properties": {
        "name": "Project 0240",
        "project_number": 240,
        "address_type": "city",
        "person_id": 1551,
        "place": "ג'וליס",
        "approximate": true,
        "deal_id": 1609
      }
    },
    {
      "type": "Feature",
      "geometry": {
        "type": "Point",
        "coordinates": [
          35.3784903,
          32.9603977
        ]
      },
      "properties": {
        "name": "Project 0241",
        "project_number": 241,
        "address_type": "city",
        "person_id": 1552,
        "place": "Beit Jann",
        "approximate": true,
        "deal_id": 1607
      }
    },
    {
      "type": "Feature",
      "geometry": {
        "type": "Point",
        "coordinates": [
          35.1796756,
          32.9481384
        ]
      },
      "properties": {
        "name": "Project 0242",
        "project_number": 242,
        "address_type": "city",
        "person_id": 1553,
        "place": "ג'וליס",
        "approximate": true,
        "deal_id": 1610
      }
    },
    {
      "type": "Feature",
      "geometry": {
        "type": "Point",
        "coordinates": [
          35.2588728,
          33.0206458
        ]
      },
      "properties": {
        "name": "Project 0243",
        "project_number": 243,
        "address_type": "city",
        "person_id": 1554,
        "place": "מעונה",
        "approximate": true,
        "deal_id": 1615
      }
    },
    {
      "type": "Feature",
      "geometry": {
        "type": "Point",
        "coordinates": [
          35.0957267,
          33.0028793
        ]
      },
      "properties": {
        "name": "Project 0244",
        "project_number": 244,
        "address_type": "street",
        "person_id": 1555,
        "place": "נהריה",
        "approximate": false,
        "deal_id": 1614
      }
    },
    {
      "type": "Feature",
      "geometry": {
        "type": "Point",
        "coordinates": [
          34.9093978,
          32.1390803
        ]
      },
      "properties": {
        "name": "Project 0245",
        "project_number": 245,
        "address_type": "city",
        "person_id": 1556,
        "place": "עדנים",
        "approximate": true,
        "deal_id": 1612
      }
    },
    {
      "type": "Feature",
      "geometry": {
        "type": "Point",
        "coordinates": [
          35.1790378,
          32.9438519
        ]
      },
      "properties": {
        "name": "Project 0246",
        "project_number": 246,
        "address_type": "city",
        "person_id": 1557,
        "place": "ג'וליס",
        "approximate": true,
        "deal_id": 1611
      }
    },
    {
      "type": "Feature",
      "geometry": {
        "type": "Point",
        "coordinates": [
          35.1904254,
          32.960076
        ]
      },
      "properties": {
        "name": "Project 0247",
        "project_number": 247,
        "address_type": "city",
        "person_id": 1558,
        "place": "ירכא",
        "approximate": true,
        "deal_id": 1613
      }
    },
    {
      "type": "Feature",
      "geometry": {
        "type": "Point",
        "coordinates": [
          35.5693303,
          32.9875883
        ]
      },
      "properties": {
        "name": "Project 0248",
        "project_number": 248,
        "address_type": "city",
        "person_id": 1559,
        "place": "מחניים",
        "approximate": true,
        "deal_id": 1620
      }
    },
    {
      "type": "Feature",
      "geometry": {
        "type": "Point",
        "coordinates": [
          35.2987742,
          32.9720266
        ]
      },
      "properties": {
        "name": "Project 0249",
        "project_number": 249,
        "address_type": "city",
        "person_id": 1560,
        "place": "Kisra-Sumei",
        "approximate": true,
        "deal_id": 1618
      }
    },
    {
      "type": "Feature",
      "geometry": {
        "type": "Point",
        "coordinates": [
          35.1758309,
          32.942376
        ]
      },
      "properties": {
        "name": "Project 0250",
        "project_number": 250,
        "address_type": "city",
        "person_id": 1561,
        "place": "גולס",
        "approximate": true,
        "deal_id": 1619
      }
    },
    {
      "type": "Feature",
      "geometry": {
        "type": "Point",
        "coordinates": [
          35.1785857,
          32.9414448
        ]
      },
      "properties": {
        "name": "Project 0251",
        "project_number": 251,
        "address_type": "city",
        "person_id": 1562,
        "place": "ג'וליס",
        "approximate": true,
        "deal_id": 1616
      }
    },
    {
      "type": "Feature",
      "geometry": {
        "type": "Point",
        "coordinates": [
          35.090326,
          32.174589
        ]
      },
      "properties": {
        "name": "Project 0252",
        "project_number": 252,
        "address_type": "city",
        "person_id": 1563,
        "place": "קרני שומרון",
        "approximate": true,
        "deal_id": 1621
      }
    },
    {
      "type": "Feature",
      "geometry": {
        "type": "Point",
        "coordinates": [
          35.1883405,
          32.9359652
        ]
      },
      "properties": {
        "name": "Project 0253",
        "project_number": 253,
        "address_type": "city",
        "person_id": 1564,
        "place": "ג'וליס",
        "approximate": true,
        "deal_id": 1617
      }
    },
    {
      "type": "Feature",
      "geometry": {
        "type": "Point",
        "coordinates": [
          35.2260192,
          33.0076432
        ]
      },
      "properties": {
        "name": "Project 0254",
        "project_number": 254,
        "address_type": "city",
        "person_id": 1565,
        "place": "עין יעקב",
        "approximate": true,
        "deal_id": 1624
      }
    },
    {
      "type": "Feature",
      "geometry": {
        "type": "Point",
        "coordinates": [
          35.3826263,
          32.9675047
        ]
      },
      "properties": {
        "name": "Project 0255",
        "project_number": 255,
        "address_type": "city",
        "person_id": 1566,
        "place": "Beit Jann",
        "approximate": true,
        "deal_id": 1622
      }
    },
    {
      "type": "Feature",
      "geometry": {
        "type": "Point",
        "coordinates": [
          35.3107397,
          32.7241075
        ]
      },
      "properties": {
        "name": "Project 0256",
        "project_number": 256,
        "address_type": "city",
        "person_id": 1567,
        "place": "נצרת",
        "approximate": true,
        "deal_id": 1623
      }
    },
    {
      "type": "Feature",
      "geometry": {
        "type": "Point",
        "coordinates": [
          35.2068661,
          32.9517952
        ]
      },
      "properties": {
        "name": "Project 0257",
        "project_number": 257,
        "address_type": "city",
        "person_id": 1568,
        "place": "ירכא",
        "approximate": true,
        "deal_id": 1625
      }
    },
    {
      "type": "Feature",
      "geometry": {
        "type": "Point",
        "coordinates": [
          35.3620717,
          32.9643006
        ]
      },
      "properties": {
        "name": "Project 0258",
        "project_number": 258,
        "address_type": "city",
        "person_id": 1569,
        "place": "Beit Jann",
        "approximate": true,
        "deal_id": 1627
      }
    },
    {
      "type": "Feature",
      "geometry": {
        "type": "Point",
        "coordinates": [
          35.0822094,
          32.9267904
        ]
      },
      "properties": {
        "name": "Project 0259",
        "project_number": 259,
        "address_type": "street",
        "person_id": 1570,
        "place": "עכו",
        "approximate": false,
        "deal_id": 1630
      }
    },
    {
      "type": "Feature",
      "geometry": {
        "type": "Point",
        "coordinates": [
          35.1885999,
          32.9436447
        ]
      },
      "properties": {
        "name": "Project 0260",
        "project_number": 260,
        "address_type": "city",
        "person_id": 1571,
        "place": "ג'וליס",
        "approximate": true,
        "deal_id": 1631
      }
    },
    {
      "type": "Feature",
      "geometry": {
        "type": "Point",
        "coordinates": [
          35.2318843,
          33.012571
        ]
      },
      "properties": {
        "name": "Project 0261",
        "project_number": 261,
        "address_type": "street",
        "person_id": 1572,
        "place": "עין יעקב",
        "approximate": true,
        "deal_id": 1626
      }
    },
    {
      "type": "Feature",
      "geometry": {
        "type": "Point",
        "coordinates": [
          35.3725937,
          32.9762161
        ]
      },
      "properties": {
        "name": "Project 0262",
        "project_number": 262,
        "address_type": "city",
        "person_id": 1573,
        "place": "Beit Jann",
        "approximate": true,
        "deal_id": 1632
      }
    },
    {
      "type": "Feature",
      "geometry": {
        "type": "Point",
        "coordinates": [
          35.2594854,
          33.0145691
        ]
      },
      "properties": {
        "name": "Project 0263",
        "project_number": 263,
        "address_type": "city",
        "person_id": 1574,
        "place": "מעונה",
        "approximate": true,
        "deal_id": 1628
      }
    },
    {
      "type": "Feature",
      "geometry": {
        "type": "Point",
        "coordinates": [
          35.3696769,
          32.9684941
        ]
      },
      "properties": {
        "name": "Project 0264",
        "project_number": 264,
        "address_type": "city",
        "person_id": 1575,
        "place": "Beit Jann",
        "approximate": true,
        "deal_id": 1634
      }
    },
    {
      "type": "Feature",
      "geometry": {
        "type": "Point",
        "coordinates": [
          34.8806944,
          32.2816784
        ]
      },
      "properties": {
        "name": "Project 0265",
        "project_number": 265,
        "address_type": "street",
        "person_id": 1576,
        "place": "אבן יהודה",
        "approximate": false,
        "deal_id": 1633
      }
    },
    {
      "type": "Feature",
      "geometry": {
        "type": "Point",
        "coordinates": [
          35.1898235,
          32.9506223
        ]
      },
      "properties": {
        "name": "Project 0266",
        "project_number": 266,
        "address_type": "city",
        "person_id": 1577,
        "place": "ג'וליס",
        "approximate": true,
        "deal_id": 1629
      }
    },
    {
      "type": "Feature",
      "geometry": {
        "type": "Point",
        "coordinates": [
          35.3751153,
          32.9648159
        ]
      },
      "properties": {
        "name": "Project 0267",
        "project_number": 267,
        "address_type": "city",
        "person_id": 1578,
        "place": "Beit Jann",
        "approximate": true,
        "deal_id": 1636
      }
    },
    {
      "type": "Feature",
      "geometry": {
        "type": "Point",
        "coordinates": [
          35.1667801,
          32.9484004
        ]
      },
      "properties": {
        "name": "Project 0268",
        "project_number": 268,
        "address_type": "city",
        "person_id": 1579,
        "place": "ג'וליס",
        "approximate": true,
        "deal_id": 1637
      }
    },
    {
      "type": "Feature",
      "geometry": {
        "type": "Point",
        "coordinates": [
          35.3114401,
          32.9792248
        ]
      },
      "properties": {
        "name": "Project 0269",
        "project_number": 269,
        "address_type": "city",
        "person_id": 1580,
        "place": "Kisra-Sumei",
        "approximate": true,
        "deal_id": 1639
      }
    },
    {
      "type": "Feature",
      "geometry": {
        "type": "Point",
        "coordinates": [
          35.3024967,
          32.9631589
        ]
      },
      "properties": {
        "name": "Project 0270",
        "project_number": 270,
        "address_type": "city",
        "person_id": 1581,
        "place": "Kisra Sume'a",
        "approximate": true,
        "deal_id": 1638
      }
    },
    {
      "type": "Feature",
      "geometry": {
        "type": "Point",
        "coordinates": [
          35.2026087,
          32.948927
        ]
      },
      "properties": {
        "name": "Project 0271",
        "project_number": 271,
        "address_type": "city",
        "person_id": 1582,
        "place": "ירכא",
        "approximate": true,
        "deal_id": 1635
      }
    },
    {
      "type": "Feature",
      "geometry": {
        "type": "Point",
        "coordinates": [
          35.1904503,
          32.9461992
        ]
      },
      "properties": {
        "name": "Project 0272",
        "project_number": 272,
        "address_type": "city",
        "person_id": 1583,
        "place": "ג'וליס",
        "approximate": true,
        "deal_id": 1640
      }
    },
    {
      "type": "Feature",
      "geometry": {
        "type": "Point",
        "coordinates": [
          35.1901462,
          32.941195
        ]
      },
      "properties": {
        "name": "Project 0273",
        "project_number": 273,
        "address_type": "city",
        "person_id": 1584,
        "place": "ג'וליס",
        "approximate": true,
        "deal_id": 1642
      }
    },
    {
      "type": "Feature",
      "geometry": {
        "type": "Point",
        "coordinates": [
          34.7322614,
          31.3887218
        ]
      },
      "properties": {
        "name": "Project 0274",
        "project_number": 274,
        "address_type": "city",
        "person_id": 1585,
        "place": "רהט",
        "approximate": true,
        "deal_id": 1641
      }
    },
    {
      "type": "Feature",
      "geometry": {
        "type": "Point",
        "coordinates": [
          34.7519155,
          31.3980705
        ]
      },
      "properties": {
        "name": "Project 0275",
        "project_number": 275,
        "address_type": "city",
        "person_id": 1586,
        "place": "רהט",
        "approximate": true,
        "deal_id": 1644
      }
    },
    {
      "type": "Feature",
      "geometry": {
        "type": "Point",
        "coordinates": [
          35.3792595,
          32.9664852
        ]
      },
      "properties": {
        "name": "Project 0276",
        "project_number": 276,
        "address_type": "city",
        "person_id": 1587,
        "place": "Beit Jann",
        "approximate": true,
        "deal_id": 1643
      }
    },
    {
      "type": "Feature",
      "geometry": {
        "type": "Point",
        "coordinates": [
          35.3726626,
          32.9617653
        ]
      },
      "properties": {
        "name": "Project 0277",
        "project_number": 277,
        "address_type": "city",
        "person_id": 1588,
        "place": "Beit Jann",
        "approximate": true,
        "deal_id": 1647
      }
    },
    {
      "type": "Feature",
      "geometry": {
        "type": "Point",
        "coordinates": [
          34.8467422,
          32.0641213
        ]
      },
      "properties": {
        "name": "Project 0278",
        "project_number": 278,
        "address_type": "city",
        "person_id": 1589,
        "place": "קריית אונו",
        "approximate": true,
        "deal_id": 1645
      }
    },
    {
      "type": "Feature",
      "geometry": {
        "type": "Point",
        "coordinates": [
          35.3645489,
          32.967697
        ]
      },
      "properties": {
        "name": "Project 0279",
        "project_number": 279,
        "address_type": "city",
        "person_id": 1590,
        "place": "Beit Jann",
        "approximate": true,
        "deal_id": 1648
      }
    },
    {
      "type": "Feature",
      "geometry": {
        "type": "Point",
        "coordinates": [
          35.1892399,
          32.9470936
        ]
      },
      "properties": {
        "name": "Project 0280",
        "project_number": 280,
        "address_type": "city",
        "person_id": 1591,
        "place": "ג'וליס",
        "approximate": true,
        "deal_id": 1646
      }
    },
    {
      "type": "Feature",
      "geometry": {
        "type": "Point",
        "coordinates": [
          35.1713214,
          32.9472487
        ]
      },
      "properties": {
        "name": "Project 0281",
        "project_number": 281,
        "address_type": "city",
        "person_id": 1592,
        "place": "ג'וליס",
        "approximate": true,
        "deal_id": 1649
      }
    },
    {
      "type": "Feature",
      "geometry": {
        "type": "Point",
        "coordinates": [
          35.1729063,
          32.9505872
        ]
      },
      "properties": {
        "name": "Project 0282",
        "project_number": 282,
        "address_type": "city",
        "person_id": 1593,
        "place": "ג'וליס",
        "approximate": true,
        "deal_id": 1651
      }
    },
    {
      "type": "Feature",
      "geometry": {
        "type": "Point",
        "coordinates": [
          35.5035325,
          33.0461794
        ]
      },
      "properties": {
        "name": "Project 0283",
        "project_number": 283,
        "address_type": "city",
        "person_id": 1594,
        "place": "עלמה",
        "approximate": true,
        "deal_id": 1650
      }
    },
    {
      "type": "Feature",
      "geometry": {
        "type": "Point",
        "coordinates": [
          34.710111,
          31.7907362
        ]
      },
      "properties": {
        "name": "Project 0284",
        "project_number": 284,
        "address_type": "street",
        "person_id": 1595,
        "place": "גן יבנה",
        "approximate": false,
        "deal_id": 1652
      }
    },
    {
      "type": "Feature",
      "geometry": {
        "type": "Point",
        "coordinates": [
          35.3828339,
          32.9637667
        ]
      },
      "properties": {
        "name": "Project 0285",
        "project_number": 285,
        "address_type": "city",
        "person_id": 1596,
        "place": "Beit Jann",
        "approximate": true,
        "deal_id": 1653
      }
    },
    {
      "type": "Feature",
      "geometry": {
        "type": "Point",
        "coordinates": [
          35.3007435,
          32.9973622
        ]
      },
      "properties": {
        "name": "Project 0286",
        "project_number": 286,
        "address_type": "city",
        "person_id": 1597,
        "place": "חוסן",
        "approximate": true,
        "deal_id": 1654
      }
    },
    {
      "type": "Feature",
      "geometry": {
        "type": "Point",
        "coordinates": [
          35.3774383,
          32.9741188
        ]
      },
      "properties": {
        "name": "Project 0287",
        "project_number": 287,
        "address_type": "city",
        "person_id": 1598,
        "place": "Beit Jann",
        "approximate": true,
        "deal_id": 1655
      }
    },
    {
      "type": "Feature",
      "geometry": {
        "type": "Point",
        "coordinates": [
          35.1820726,
          32.8313949
        ]
      },
      "properties": {
        "name": "Project 0288",
        "project_number": 288,
        "address_type": "city",
        "person_id": 1599,
        "place": "I'billin",
        "approximate": true,
        "deal_id": 1656
      }
    },
    {
      "type": "Feature",
      "geometry": {
        "type": "Point",
        "coordinates": [
          35.1863611,
          32.9362402
        ]
      },
      "properties": {
        "name": "Project 0289",
        "project_number": 289,
        "address_type": "city",
        "person_id": 1600,
        "place": "ג'וליס",
        "approximate": true,
        "deal_id": 1658
      }
    },
    {
      "type": "Feature",
      "geometry": {
        "type": "Point",
        "coordinates": [
          34.7627598,
          31.5760654
        ]
      },
      "properties": {
        "name": "Project 0290",
        "project_number": 290,
        "address_type": "city",
        "person_id": 1601,
        "place": "אבן שמואל",
        "approximate": true,
        "deal_id": 1664
      }
    },
    {
      "type": "Feature",
      "geometry": {
        "type": "Point",
        "coordinates": [
          34.8409129,
          32.0802715
        ]
      },
      "properties": {
        "name": "Project 0291",
        "project_number": 291,
        "address_type": "city",
        "person_id": 1602,
        "place": "משואה",
        "approximate": true,
        "deal_id": 1663
      }
    },
    {
      "type": "Feature",
      "geometry": {
        "type": "Point",
        "coordinates": [
          35.3832171,
          32.9643603
        ]
      },
      "properties": {
        "name": "Project 0292",
        "project_number": 292,
        "address_type": "city",
        "person_id": 1603,
        "place": "Beit Jann",
        "approximate": true,
        "deal_id": 1662
      }
    },
    {
      "type": "Feature",
      "geometry": {
        "type": "Point",
        "coordinates": [
          35.383538,
          32.9554536
        ]
      },
      "properties": {
        "name": "Project 0293",
        "project_number": 293,
        "address_type": "city",
        "person_id": 1604,
        "place": "Beit Jann",
        "approximate": true,
        "deal_id": 1657
      }
    },
    {
      "type": "Feature",
      "geometry": {
        "type": "Point",
        "coordinates": [
          35.4124267,
          32.893602
        ]
      },
      "properties": {
        "name": "Project 0294",
        "project_number": 294,
        "address_type": "city",
        "person_id": 1605,
        "place": "Maghar",
        "approximate": true,
        "deal_id": 1659
      }
    },
    {
      "type": "Feature",
      "geometry": {
        "type": "Point",
        "coordinates": [
          35.1840046,
          32.948399
        ]
      },
      "properties": {
        "name": "Project 0295",
        "project_number": 295,
        "address_type": "city",
        "person_id": 1606,
        "place": "ג'וליס",
        "approximate": true,
        "deal_id": 1665
      }
    },
    {
      "type": "Feature",
      "geometry": {
        "type": "Point",
        "coordinates": [
          34.9450968,
          32.2386687
        ]
      },
      "properties": {
        "name": "Project 0296",
        "project_number": 296,
        "address_type": "city",
        "person_id": 1607,
        "place": "טירה",
        "approximate": true,
        "deal_id": 1661
      }
    },
    {
      "type": "Feature",
      "geometry": {
        "type": "Point",
        "coordinates": [
          34.7668185,
          31.5752382
        ]
      },
      "properties": {
        "name": "Project 0297",
        "project_number": 297,
        "address_type": "city",
        "person_id": 1608,
        "place": "אבן שמואל",
        "approximate": true,
        "deal_id": 1660
      }
    },
    {
      "type": "Feature",
      "geometry": {
        "type": "Point",
        "coordinates": [
          35.1127019,
          33.0420365
        ]
      },
      "properties": {
        "name": "Project 0298",
        "project_number": 298,
        "address_type": "city",
        "person_id": 1609,
        "place": "גשר הזיו",
        "approximate": true,
        "deal_id": 1673
      }
    },
    {
      "type": "Feature",
      "geometry": {
        "type": "Point",
        "coordinates": [
          35.4376676,
          32.0438445
        ]
      },
      "properties": {
        "name": "Project 0299",
        "project_number": 299,
        "address_type": "city",
        "person_id": 1610,
        "place": "פצאל",
        "approximate": true,
        "deal_id": 1668
      }
    },
    {
      "type": "Feature",
      "geometry": {
        "type": "Point",
        "coordinates": [
          35.1036143,
          33.0037965
        ]
      },
      "properties": {
        "name": "Project 0300",
        "project_number": 300,
        "address_type": "city",
        "person_id": 1611,
        "place": "נהריה",
        "approximate": true,
        "deal_id": 1667
      }
    },
    {
      "type": "Feature",
      "geometry": {
        "type": "Point",
        "coordinates": [
          35.3755739,
          32.9542294
        ]
      },
      "properties": {
        "name": "Project 0301",
        "project_number": 301,
        "address_type": "city",
        "person_id": 1612,
        "place": "Beit Jann",
        "approximate": true,
        "deal_id": 1666
      }
    },
    {
      "type": "Feature",
      "geometry": {
        "type": "Point",
        "coordinates": [
          35.3839684,
          32.9585126
        ]
      },
      "properties": {
        "name": "Project 0302",
        "project_number": 302,
        "address_type": "city",
        "person_id": 1613,
        "place": "Beit Jann",
        "approximate": true,
        "deal_id": 1672
      }
    },
    {
      "type": "Feature",
      "geometry": {
        "type": "Point",
        "coordinates": [
          35.1684119,
          32.956319
        ]
      },
      "properties": {
        "name": "Project 0303",
        "project_number": 303,
        "address_type": "city",
        "person_id": 1614,
        "place": "Abu Snan",
        "approximate": true,
        "deal_id": 1669
      }
    },
    {
      "type": "Feature",
      "geometry": {
        "type": "Point",
        "coordinates": [
          35.4403377,
          32.0449115
        ]
      },
      "properties": {
        "name": "Project 0304",
        "project_number": 304,
        "address_type": "city",
        "person_id": 1615,
        "place": "פצאל",
        "approximate": true,
        "deal_id": 1671
      }
    },
    {
      "type": "Feature",
      "geometry": {
        "type": "Point",
        "coordinates": [
          35.6158358,
          33.2208106
        ]
      },
      "properties": {
        "name": "Project 0305",
        "project_number": 305,
        "address_type": "city",
        "person_id": 1616,
        "place": "הגושרים",
        "approximate": true,
        "deal_id": 1670
      }
    },
    {
      "type": "Feature",
      "geometry": {
        "type": "Point",
        "coordinates": [
          34.9261231,
          32.443601
        ]
      },
      "properties": {
        "name": "Project 0306",
        "project_number": 306,
        "address_type": "city",
        "person_id": 1617,
        "place": "חדרה",
        "approximate": true,
        "deal_id": 1675
      }
    },
    {
      "type": "Feature",
      "geometry": {
        "type": "Point",
        "coordinates": [
          34.7631334,
          32.0606478
        ]
      },
      "properties": {
        "name": "Project 0307",
        "project_number": 307,
        "address_type": "city",
        "person_id": 1618,
        "place": "שתולים",
        "approximate": true,
        "deal_id": 1676
      }
    },
    {
      "type": "Feature",
      "geometry": {
        "type": "Point",
        "coordinates": [
          35.2451795,
          33.0390315
        ]
      },
      "properties": {
        "name": "Project 0308",
        "project_number": 308,
        "address_type": "city",
        "person_id": 1619,
        "place": "מצפה הילה",
        "approximate": true,
        "deal_id": 1674
      }
    },
    {
      "type": "Feature",
      "geometry": {
        "type": "Point",
        "coordinates": [
          35.3835951,
          32.9569237
        ]
      },
      "properties": {
        "name": "Project 0309",
        "project_number": 309,
        "address_type": "city",
        "person_id": 1620,
        "place": "Beit Jann",
        "approximate": true,
        "deal_id": 1677
      }
    },
    {
      "type": "Feature",
      "geometry": {
        "type": "Point",
        "coordinates": [
          35.4453286,
          32.0420535
        ]
      },
      "properties": {
        "name": "Project 0310",
        "project_number": 310,
        "address_type": "city",
        "person_id": 1621,
        "place": "פצאל",
        "approximate": true,
        "deal_id": 1679
      }
    },
    {
      "type": "Feature",
      "geometry": {
        "type": "Point",
        "coordinates": [
          35.1857761,
          32.9443771
        ]
      },
      "properties": {
        "name": "Project 0311",
        "project_number": 311,
        "address_type": "city",
        "person_id": 1622,
        "place": "אנדרטת חללי קרבות גוליס",
        "approximate": true,
        "deal_id": 1678
      }
    },
    {
      "type": "Feature",
      "geometry": {
        "type": "Point",
        "coordinates": [
          35.1692512,
          31.8623544
        ]
      },
      "properties": {
        "name": "Project 0312",
        "project_number": 312,
        "address_type": "city",
        "person_id": 1623,
        "place": "גבעת זאב",
        "approximate": true,
        "deal_id": 1681
      }
    },
    {
      "type": "Feature",
      "geometry": {
        "type": "Point",
        "coordinates": [
          34.5816132,
          31.6849203
        ]
      },
      "properties": {
        "name": "Project 0313",
        "project_number": 313,
        "address_type": "city",
        "person_id": 1626,
        "place": "אשקלון",
        "approximate": true,
        "deal_id": 1682
      }
    },
    {
      "type": "Feature",
      "geometry": {
        "type": "Point",
        "coordinates": [
          35.2697809,
          33.0115661
        ]
      },
      "properties": {
        "name": "Project 0314",
        "project_number": 314,
        "address_type": "city",
        "person_id": 1628,
        "place": "מעלות תרשיחא",
        "approximate": true,
        "deal_id": 1689
      }
    },
    {
      "type": "Feature",
      "geometry": {
        "type": "Point",
        "coordinates": [
          35.3739376,
          32.9701371
        ]
      },
      "properties": {
        "name": "Project 0315",
        "project_number": 315,
        "address_type": "city",
        "person_id": 1629,
        "place": "Beit Jann",
        "approximate": true,
        "deal_id": 1685
      }
    },
    {
      "type": "Feature",
      "geometry": {
        "type": "Point",
        "coordinates": [
          34.8982915,
          32.3412239
        ]
      },
      "properties": {
        "name": "Project 0316",
        "project_number": 316,
        "address_type": "city",
        "person_id": 1630,
        "place": "בית יצחק - שער חפר",
        "approximate": true,
        "deal_id": 1686
      }
    },
    {
      "type": "Feature",
      "geometry": {
        "type": "Point",
        "coordinates": [
          35.395058,
          32.1015414
        ]
      },
      "properties": {
        "name": "Project 0317",
        "project_number": 317,
        "address_type": "city",
        "person_id": 1631,
        "place": "גיתית",
        "approximate": true,
        "deal_id": 1688
      }
    },
    {
      "type": "Feature",
      "geometry": {
        "type": "Point",
        "coordinates": [
          35.2097081,
          32.8663001
        ]
      },
      "properties": {
        "name": "Project 0318",
        "project_number": 318,
        "address_type": "city",
        "person_id": 1632,
        "place": "כאבול",
        "approximate": true,
        "deal_id": 1687
      }
    },
    {
      "type": "Feature",
      "geometry": {
        "type": "Point",
        "coordinates": [
          35.168302,
          32.4722205
        ]
      },
      "properties": {
        "name": "Project 0319",
        "project_number": 319,
        "address_type": "city",
        "person_id": 1633,
        "place": "שקד",
        "approximate": true,
        "deal_id": 1690
      }
    },
    {
      "type": "Feature",
      "geometry": {
        "type": "Point",
        "coordinates": [
          34.880593,
          32.0628324
        ]
      },
      "properties": {
        "name": "Project 0320",
        "project_number": 320,
        "address_type": "street",
        "person_id": 1634,
        "place": "גני תקווה",
        "approximate": false,
        "deal_id": 1694
      }
    },
    {
      "type": "Feature",
      "geometry": {
        "type": "Point",
        "coordinates": [
          35.4690148,
          31.9057728
        ]
      },
      "properties": {
        "name": "Project 0321",
        "project_number": 321,
        "address_type": "city",
        "person_id": 1635,
        "place": "נעמה",
        "approximate": true,
        "deal_id": 1691
      }
    },
    {
      "type": "Feature",
      "geometry": {
        "type": "Point",
        "coordinates": [
          34.5844219,
          31.5309039
        ]
      },
      "properties": {
        "name": "Project 0322",
        "project_number": 322,
        "address_type": "city",
        "person_id": 1636,
        "place": "שדרות",
        "approximate": true,
        "deal_id": 1693
      }
    },
    {
      "type": "Feature",
      "geometry": {
        "type": "Point",
        "coordinates": [
          35.2341128,
          32.9718642
        ]
      },
      "properties": {
        "name": "Project 0323",
        "project_number": 323,
        "address_type": "city",
        "person_id": 1637,
        "place": "Yanuh-Jat",
        "approximate": true,
        "deal_id": 1696
      }
    },
    {
      "type": "Feature",
      "geometry": {
        "type": "Point",
        "coordinates": [
          35.2711061,
          32.9909247
        ]
      },
      "properties": {
        "name": "Project 0324",
        "project_number": 324,
        "address_type": "city",
        "person_id": 1638,
        "place": "Yanuh-Jat",
        "approximate": true,
        "deal_id": 1692
      }
    },
    {
      "type": "Feature",
      "geometry": {
        "type": "Point",
        "coordinates": [
          35.1874152,
          32.944435
        ]
      },
      "properties": {
        "name": "Project 0325",
        "project_number": 325,
        "address_type": "city",
        "person_id": 1639,
        "place": "ג'וליס",
        "approximate": true,
        "deal_id": 1697
      }
    },
    {
      "type": "Feature",
      "geometry": {
        "type": "Point",
        "coordinates": [
          35.3651277,
          32.9689005
        ]
      },
      "properties": {
        "name": "Project 0326",
        "project_number": 326,
        "address_type": "city",
        "person_id": 1640,
        "place": "Beit Jann",
        "approximate": true,
        "deal_id": 1695
      }
    },
    {
      "type": "Feature",
      "geometry": {
        "type": "Point",
        "coordinates": [
          34.7864265,
          32.0158814
        ]
      },
      "properties": {
        "name": "Project 0327",
        "project_number": 327,
        "address_type": "street",
        "person_id": 1641,
        "place": "חולון",
        "approximate": false,
        "deal_id": 1699
      }
    },
    {
      "type": "Feature",
      "geometry": {
        "type": "Point",
        "coordinates": [
          35.1829045,
          32.9412617
        ]
      },
      "properties": {
        "name": "Project 0328",
        "project_number": 328,
        "address_type": "city",
        "person_id": 1642,
        "place": "גולס",
        "approximate": true,
        "deal_id": 1698
      }
    },
    {
      "type": "Feature",
      "geometry": {
        "type": "Point",
        "coordinates": [
          35.4017876,
          32.0731348
        ]
      },
      "properties": {
        "name": "Project 0329",
        "project_number": 329,
        "address_type": "city",
        "person_id": 1643,
        "place": "מעלה אפרים",
        "approximate": true,
        "deal_id": 1700
      }
    },
    {
      "type": "Feature",
      "geometry": {
        "type": "Point",
        "coordinates": [
          34.9467767,
          32.1386556
        ]
      },
      "properties": {
        "name": "Project 0330",
        "project_number": 330,
        "address_type": "street",
        "person_id": 1644,
        "place": "חגור",
        "approximate": false,
        "deal_id": 1701
      }
    },
    {
      "type": "Feature",
      "geometry": {
        "type": "Point",
        "coordinates": [
          34.968489,
          32.1493888
        ]
      },
      "properties": {
        "name": "Project 0331",
        "project_number": 331,
        "address_type": "city",
        "person_id": 1645,
        "place": "מתן",
        "approximate": true,
        "deal_id": 1703
      }
    },
    {
      "type": "Feature",
      "geometry": {
        "type": "Point",
        "coordinates": [
          35.3626082,
          32.9416963
        ]
      },
      "properties": {
        "name": "Project 0332",
        "project_number": 332,
        "address_type": "city",
        "person_id": 1646,
        "place": "Rameh",
        "approximate": true,
        "deal_id": 1702
      }
    },
    {
      "type": "Feature",
      "geometry": {
        "type": "Point",
        "coordinates": [
          35.3772846,
          32.9722791
        ]
      },
      "properties": {
        "name": "Project 0333",
        "project_number": 333,
        "address_type": "city",
        "person_id": 1647,
        "place": "Beit Jann",
        "approximate": true,
        "deal_id": 1704
      }
    },
    {
      "type": "Feature",
      "geometry": {
        "type": "Point",
        "coordinates": [
          35.1825266,
          32.9510852
        ]
      },
      "properties": {
        "name": "Project 0334",
        "project_number": 334,
        "address_type": "city",
        "person_id": 1648,
        "place": "ג'וליס",
        "approximate": true,
        "deal_id": 1705
      }
    },
    {
      "type": "Feature",
      "geometry": {
        "type": "Point",
        "coordinates": [
          35.2722727,
          32.9969157
        ]
      },
      "properties": {
        "name": "Project 0335",
        "project_number": 335,
        "address_type": "street",
        "person_id": 1649,
        "place": "כפר ורדים",
        "approximate": false,
        "deal_id": 1706
      }
    },
    {
      "type": "Feature",
      "geometry": {
        "type": "Point",
        "coordinates": [
          35.3244755,
          33.0667985
        ]
      },
      "properties": {
        "name": "Project 0336",
        "project_number": 336,
        "address_type": "city",
        "person_id": 1650,
        "place": "נטועה",
        "approximate": true,
        "deal_id": 1707
      }
    },
    {
      "type": "Feature",
      "geometry": {
        "type": "Point",
        "coordinates": [
          35.2475534,
          31.773089
        ]
      },
      "properties": {
        "name": "Project 0337",
        "project_number": 337,
        "address_type": "city",
        "person_id": 1651,
        "place": "ירושלים",
        "approximate": true,
        "deal_id": 1711
      }
    },
    {
      "type": "Feature",
      "geometry": {
        "type": "Point",
        "coordinates": [
          34.9214185,
          32.1343072
        ]
      },
      "properties": {
        "name": "Project 0338",
        "project_number": 338,
        "address_type": "street",
        "person_id": 1652,
        "place": "נווה ירק",
        "approximate": false,
        "deal_id": 1709
      }
    },
    {
      "type": "Feature",
      "geometry": {
        "type": "Point",
        "coordinates": [
          35.32101,
          33.0654521
        ]
      },
      "properties": {
        "name": "Project 0339",
        "project_number": 339,
        "address_type": "city",
        "person_id": 1653,
        "place": "נטועה",
        "approximate": true,
        "deal_id": 1708
      }
    },
    {
      "type": "Feature",
      "geometry": {
        "type": "Point",
        "coordinates": [
          35.4361848,
          32.1990282
        ]
      },
      "properties": {
        "name": "Project 0340",
        "project_number": 340,
        "address_type": "city",
        "person_id": 1654,
        "place": "חמרה",
        "approximate": true,
        "deal_id": 1713
      }
    },
    {
      "type": "Feature",
      "geometry": {
        "type": "Point",
        "coordinates": [
          35.3072578,
          32.9613498
        ]
      },
      "properties": {
        "name": "Project 0341",
        "project_number": 341,
        "address_type": "city",
        "person_id": 1655,
        "place": "Kisra-Sumei",
        "approximate": true,
        "deal_id": 1712
      }
    },
    {
      "type": "Feature",
      "geometry": {
        "type": "Point",
        "coordinates": [
          35.2547728,
          32.9822639
        ]
      },
      "properties": {
        "name": "Project 0342",
        "project_number": 342,
        "address_type": "city",
        "person_id": 1656,
        "place": "Yanuh-Jat",
        "approximate": true,
        "deal_id": 1716
      }
    },
    {
      "type": "Feature",
      "geometry": {
        "type": "Point",
        "coordinates": [
          35.2626331,
          32.9598927
        ]
      },
      "properties": {
        "name": "Project 0343",
        "project_number": 343,
        "address_type": "city",
        "person_id": 1657,
        "place": "לפידות",
        "approximate": true,
        "deal_id": 1714
      }
    },
    {
      "type": "Feature",
      "geometry": {
        "type": "Point",
        "coordinates": [
          34.9468599,
          32.3319784
        ]
      },
      "properties": {
        "name": "Project 0344",
        "project_number": 344,
        "address_type": "street",
        "person_id": 1658,
        "place": "חניאל",
        "approximate": false,
        "deal_id": 1715
      }
    },
    {
      "type": "Feature",
      "geometry": {
        "type": "Point",
        "coordinates": [
          35.145409,
          33.073513
        ]
      },
      "properties": {
        "name": "Project 0345",
        "project_number": 345,
        "address_type": "city",
        "person_id": 1659,
        "place": "שלומי",
        "approximate": true,
        "deal_id": 1717
      }
    },
    {
      "type": "Feature",
      "geometry": {
        "type": "Point",
        "coordinates": [
          35.5072031,
          32.6973837
        ]
      },
      "properties": {
        "name": "Project 0346",
        "project_number": 346,
        "address_type": "city",
        "person_id": 1660,
        "place": "בית גן",
        "approximate": true,
        "deal_id": 1719
      }
    },
    {
      "type": "Feature",
      "geometry": {
        "type": "Point",
        "coordinates": [
          35.3758974,
          32.9676133
        ]
      },
      "properties": {
        "name": "Project 0347",
        "project_number": 347,
        "address_type": "city",
        "person_id": 1661,
        "place": "Beit Jann",
        "approximate": true,
        "deal_id": 1718
      }
    },
    {
      "type": "Feature",
      "geometry": {
        "type": "Point",
        "coordinates": [
          35.294237,
          32.8609633
        ]
      },
      "properties": {
        "name": "Project 0348",
        "project_number": 348,
        "address_type": "city",
        "person_id": 1662,
        "place": "Sakhnin",
        "approximate": true,
        "deal_id": 1721
      }
    },
    {
      "type": "Feature",
      "geometry": {
        "type": "Point",
        "coordinates": [
          34.9229376,
          32.1349958
        ]
      },
      "properties": {
        "name": "Project 0349",
        "project_number": 349,
        "address_type": "city",
        "person_id": 1663,
        "place": "נווה ירק",
        "approximate": true,
        "deal_id": 1722
      }
    },
    {
      "type": "Feature",
      "geometry": {
        "type": "Point",
        "coordinates": [
          35.2917055,
          32.8993231
        ]
      },
      "properties": {
        "name": "Project 0350",
        "project_number": 350,
        "address_type": "city",
        "person_id": 1664,
        "place": "קורנית",
        "approximate": true,
        "deal_id": 1723
      }
    },
    {
      "type": "Feature",
      "geometry": {
        "type": "Point",
        "coordinates": [
          35.054272,
          32.5099587
        ]
      },
      "properties": {
        "name": "Project 0351",
        "project_number": 351,
        "address_type": "city",
        "person_id": 1665,
        "place": "כפר קרע",
        "approximate": true,
        "deal_id": 1720
      }
    },
    {
      "type": "Feature",
      "geometry": {
        "type": "Point",
        "coordinates": [
          35.1560853,
          32.9519519
        ]
      },
      "properties": {
        "name": "Project 0352",
        "project_number": 352,
        "address_type": "city",
        "person_id": 1666,
        "place": "Kafr Yasif",
        "approximate": true,
        "deal_id": 1724
      }
    },
    {
      "type": "Feature",
      "geometry": {
        "type": "Point",
        "coordinates": [
          34.989917,
          32.8060475
        ]
      },
      "properties": {
        "name": "Project 0353",
        "project_number": 353,
        "address_type": "city",
        "person_id": 1667,
        "place": "נעמי",
        "approximate": true,
        "deal_id": 1726
      }
    },
    {
      "type": "Feature",
      "geometry": {
        "type": "Point",
        "coordinates": [
          35.4678773,
          31.9059149
        ]
      },
      "properties": {
        "name": "Project 0354",
        "project_number": 354,
        "address_type": "city",
        "person_id": 1668,
        "place": "נעמה",
        "approximate": true,
        "deal_id": 1725
      }
    },
    {
      "type": "Feature",
      "geometry": {
        "type": "Point",
        "coordinates": [
          35.467344,
          31.9068861
        ]
      },
      "properties": {
        "name": "Project 0355",
        "project_number": 355,
        "address_type": "city",
        "person_id": 1669,
        "place": "נעמה",
        "approximate": true,
        "deal_id": 1727
      }
    },
    {
      "type": "Feature",
      "geometry": {
        "type": "Point",
        "coordinates": [
          35.338932,
          32.7462597
        ]
      },
      "properties": {
        "name": "Project 0356",
        "project_number": 356,
        "address_type": "city",
        "person_id": 1670,
        "place": "משהד",
        "approximate": true,
        "deal_id": 1729
      }
    },
    {
      "type": "Feature",
      "geometry": {
        "type": "Point",
        "coordinates": [
          34.9931479,
          32.8070527
        ]
      },
      "properties": {
        "name": "Project 0357",
        "project_number": 357,
        "address_type": "city",
        "person_id": 1671,
        "place": "קרית חיים",
        "approximate": true,
        "deal_id": 1732
      }
    },
    {
      "type": "Feature",
      "geometry": {
        "type": "Point",
        "coordinates": [
          35.1581787,
          32.9824797
        ]
      },
      "properties": {
        "name": "Project 0358",
        "project_number": 358,
        "address_type": "street",
        "person_id": 1672,
        "place": "עמקה",
        "approximate": true,
        "deal_id": 1728
      }
    },
    {
      "type": "Feature",
      "geometry": {
        "type": "Point",
        "coordinates": [
          35.3165381,
          32.7394059
        ]
      },
      "properties": {
        "name": "Project 0359",
        "project_number": 359,
        "address_type": "city",
        "person_id": 1673,
        "place": "משהד",
        "approximate": true,
        "deal_id": 1731
      }
    },
    {
      "type": "Feature",
      "geometry": {
        "type": "Point",
        "coordinates": [
          35.3199464,
          32.6840362
        ]
      },
      "properties": {
        "name": "Project 0360",
        "project_number": 360,
        "address_type": "city",
        "person_id": 1674,
        "place": "נוף הגליל",
        "approximate": true,
        "deal_id": 1730
      }
    },
    {
      "type": "Feature",
      "geometry": {
        "type": "Point",
        "coordinates": [
          35.0904986,
          32.8007098
        ]
      },
      "properties": {
        "name": "Project 0361",
        "project_number": 361,
        "address_type": "city",
        "person_id": 1675,
        "place": "קרית אתא",
        "approximate": true,
        "deal_id": 1734
      }
    },
    {
      "type": "Feature",
      "geometry": {
        "type": "Point",
        "coordinates": [
          35.2285226,
          33.0133705
        ]
      },
      "properties": {
        "name": "Project 0362",
        "project_number": 362,
        "address_type": "city",
        "person_id": 1676,
        "place": "עין יעקב",
        "approximate": true,
        "deal_id": 1733
      }
    },
    {
      "type": "Feature",
      "geometry": {
        "type": "Point",
        "coordinates": [
          34.834515,
          32.0005183
        ]
      },
      "properties": {
        "name": "Project 0363",
        "project_number": 363,
        "address_type": "street",
        "person_id": 1677,
        "place": "בית דגן",
        "approximate": false,
        "deal_id": 1738
      }
    },
    {
      "type": "Feature",
      "geometry": {
        "type": "Point",
        "coordinates": [
          35.2427421,
          32.9857279
        ]
      },
      "properties": {
        "name": "Project 0364",
        "project_number": 364,
        "address_type": "city",
        "person_id": 1678,
        "place": "Yanuh-Jat",
        "approximate": true,
        "deal_id": 1735
      }
    },
    {
      "type": "Feature",
      "geometry": {
        "type": "Point",
        "coordinates": [
          34.6718759,
          31.6316817
        ]
      },
      "properties": {
        "name": "Project 0365",
        "project_number": 365,
        "address_type": "city",
        "person_id": 1679,
        "place": "כוכב מיכאל",
        "approximate": true,
        "deal_id": 1736
      }
    },
    {
      "type": "Feature",
      "geometry": {
        "type": "Point",
        "coordinates": [
          35.437625,
          32.0196102
        ]
      },
      "properties": {
        "name": "Project 0366",
        "project_number": 366,
        "address_type": "city",
        "person_id": 1680,
        "place": "תומר",
        "approximate": true,
        "deal_id": 1739
      }
    },
    {
      "type": "Feature",
      "geometry": {
        "type": "Point",
        "coordinates": [
          35.2942198,
          32.997122
        ]
      },
      "properties": {
        "name": "Project 0367",
        "project_number": 367,
        "address_type": "city",
        "person_id": 1681,
        "place": "חוסן",
        "approximate": true,
        "deal_id": 1740
      }
    },
    {
      "type": "Feature",
      "geometry": {
        "type": "Point",
        "coordinates": [
          35.3269997,
          32.9394275
        ]
      },
      "properties": {
        "name": "Project 0368",
        "project_number": 368,
        "address_type": "city",
        "person_id": 1682,
        "place": "נחף",
        "approximate": true,
        "deal_id": 1742
      }
    },
    {
      "type": "Feature",
      "geometry": {
        "type": "Point",
        "coordinates": [
          34.9738041,
          32.4747513
        ]
      },
      "properties": {
        "name": "Project 0369",
        "project_number": 369,
        "address_type": "street",
        "person_id": 1683,
        "place": "פרדס חנה-כרכור",
        "approximate": false,
        "deal_id": 1737
      }
    },
    {
      "type": "Feature",
      "geometry": {
        "type": "Point",
        "coordinates": [
          35.125529,
          31.8297484
        ]
      },
      "properties": {
        "name": "Project 0370",
        "project_number": 370,
        "address_type": "city",
        "person_id": 1684,
        "place": "הר אדר",
        "approximate": true,
        "deal_id": 1741
      }
    },
    {
      "type": "Feature",
      "geometry": {
        "type": "Point",
        "coordinates": [
          35.2491013,
          32.982512
        ]
      },
      "properties": {
        "name": "Project 0371",
        "project_number": 371,
        "address_type": "city",
        "person_id": 1685,
        "place": "ג׳ת",
        "approximate": true,
        "deal_id": 1743
      }
    },
    {
      "type": "Feature",
      "geometry": {
        "type": "Point",
        "coordinates": [
          35.1274385,
          32.7218842
        ]
      },
      "properties": {
        "name": "Project 0372",
        "project_number": 372,
        "address_type": "city",
        "person_id": 1686,
        "place": "קריית טבעון",
        "approximate": true,
        "deal_id": 1748
      }
    },
    {
      "type": "Feature",
      "geometry": {
        "type": "Point",
        "coordinates": [
          35.2398595,
          32.9847565
        ]
      },
      "properties": {
        "name": "Project 0373",
        "project_number": 373,
        "address_type": "city",
        "person_id": 1688,
        "place": "Yanuh-Jat",
        "approximate": true,
        "deal_id": 1745
      }
    },
    {
      "type": "Feature",
      "geometry": {
        "type": "Point",
        "coordinates": [
          34.9915795,
          32.2204722
        ]
      },
      "properties": {
        "name": "Project 0374",
        "project_number": 374,
        "address_type": "city",
        "person_id": 1690,
        "place": "כוכב יאיר צור יגאל",
        "approximate": true,
        "deal_id": 1751
      }
    },
    {
      "type": "Feature",
      "geometry": {
        "type": "Point",
        "coordinates": [
          34.8602797,
          32.0601777
        ]
      },
      "properties": {
        "name": "Project 0375",
        "project_number": 375,
        "address_type": "street",
        "person_id": 1691,
        "place": "קרית אונו",
        "approximate": false,
        "deal_id": 1747
      }
    },
    {
      "type": "Feature",
      "geometry": {
        "type": "Point",
        "coordinates": [
          35.5741338,
          32.7018825
        ]
      },
      "properties": {
        "name": "Project 0376",
        "project_number": 376,
        "address_type": "street",
        "person_id": 1692,
        "place": "דגניה ב'",
        "approximate": true,
        "deal_id": 1749
      }
    },
    {
      "type": "Feature",
      "geometry": {
        "type": "Point",
        "coordinates": [
          34.7762745,
          31.9457225
        ]
      },
      "properties": {
        "name": "Project 0377",
        "project_number": 377,
        "address_type": "street",
        "person_id": 1693,
        "place": "נטעים",
        "approximate": false,
        "deal_id": 1750
      }
    },
    {
      "type": "Feature",
      "geometry": {
        "type": "Point",
        "coordinates": [
          35.3615055,
          32.9092033
        ]
      },
      "properties": {
        "name": "Project 0378",
        "project_number": 378,
        "address_type": "city",
        "person_id": 1694,
        "place": "כמון",
        "approximate": true,
        "deal_id": 1752
      }
    },
    {
      "type": "Feature",
      "geometry": {
        "type": "Point",
        "coordinates": [
          35.2919415,
          32.8890149
        ]
      },
      "properties": {
        "name": "Project 0379",
        "project_number": 379,
        "address_type": "street",
        "person_id": 1695,
        "place": "גילון",
        "approximate": false,
        "deal_id": 1754
      }
    },
    {
      "type": "Feature",
      "geometry": {
        "type": "Point",
        "coordinates": [
          35.2969609,
          32.8866236
        ]
      },
      "properties": {
        "name": "Project 0380",
        "project_number": 380,
        "address_type": "street",
        "person_id": 1696,
        "place": "גילון",
        "approximate": false,
        "deal_id": 1753
      }
    },
    {
      "type": "Feature",
      "geometry": {
        "type": "Point",
        "coordinates": [
          34.965128,
          32.4764545
        ]
      },
      "properties": {
        "name": "Project 0381",
        "project_number": 381,
        "address_type": "street",
        "person_id": 1697,
        "place": "פרדס חנה-כרכור",
        "approximate": false,
        "deal_id": 1755
      }
    },
    {
      "type": "Feature",
      "geometry": {
        "type": "Point",
        "coordinates": [
          35.1725939,
          32.9580617
        ]
      },
      "properties": {
        "name": "Project 0382",
        "project_number": 382,
        "address_type": "city",
        "person_id": 1698,
        "place": "Abu Snan",
        "approximate": true,
        "deal_id": 1761
      }
    },
    {
      "type": "Feature",
      "geometry": {
        "type": "Point",
        "coordinates": [
          35.2464073,
          32.9816813
        ]
      },
      "properties": {
        "name": "Project 0383",
        "project_number": 383,
        "address_type": "city",
        "person_id": 1699,
        "place": "Yanuh-Jat",
        "approximate": true,
        "deal_id": 1756
      }
    },
    {
      "type": "Feature",
      "geometry": {
        "type": "Point",
        "coordinates": [
          35.4426113,
          32.5526719
        ]
      },
      "properties": {
        "name": "Project 0384",
        "project_number": 384,
        "address_type": "city",
        "person_id": 1700,
        "place": "בית השיטה",
        "approximate": true,
        "deal_id": 1758
      }
    },
    {
      "type": "Feature",
      "geometry": {
        "type": "Point",
        "coordinates": [
          35.3340537,
          32.754392
        ]
      },
      "properties": {
        "name": "Project 0385",
        "project_number": 385,
        "address_type": "city",
        "person_id": 1701,
        "place": "משהד",
        "approximate": true,
        "deal_id": 1760
      }
    },
    {
      "type": "Feature",
      "geometry": {
        "type": "Point",
        "coordinates": [
          35.2162654,
          31.7689001
        ]
      },
      "properties": {
        "name": "Project 0386",
        "project_number": 386,
        "address_type": "street",
        "person_id": 1702,
        "place": "קרית שמואל",
        "approximate": false,
        "deal_id": 1757
      }
    },
    {
      "type": "Feature",
      "geometry": {
        "type": "Point",
        "coordinates": [
          35.2420219,
          32.9191837
        ]
      },
      "properties": {
        "name": "Project 0387",
        "project_number": 387,
        "address_type": "city",
        "person_id": 1703,
        "place": "Majd al-Krum",
        "approximate": true,
        "deal_id": 1762
      }
    },
    {
      "type": "Feature",
      "geometry": {
        "type": "Point",
        "coordinates": [
          35.1635631,
          32.5388098
        ]
      },
      "properties": {
        "name": "Project 0388",
        "project_number": 388,
        "address_type": "city",
        "person_id": 1704,
        "place": "Ma'ale Iron",
        "approximate": true,
        "deal_id": 1763
      }
    },
    {
      "type": "Feature",
      "geometry": {
        "type": "Point",
        "coordinates": [
          35.2950581,
          32.9970777
        ]
      },
      "properties": {
        "name": "Project 0389",
        "project_number": 389,
        "address_type": "city",
        "person_id": 1705,
        "place": "חוסן",
        "approximate": true,
        "deal_id": 1765
      }
    },
    {
      "type": "Feature",
      "geometry": {
        "type": "Point",
        "coordinates": [
          35.1597837,
          32.9720522
        ]
      },
      "properties": {
        "name": "Project 0390",
        "project_number": 390,
        "address_type": "city",
        "person_id": 1706,
        "place": "Abu Snan",
        "approximate": true,
        "deal_id": 1759
      }
    },
    {
      "type": "Feature",
      "geometry": {
        "type": "Point",
        "coordinates": [
          35.3766584,
          32.9712868
        ]
      },
      "properties": {
        "name": "Project 0391",
        "project_number": 391,
        "address_type": "city",
        "person_id": 1707,
        "place": "Beit Jann",
        "approximate": true,
        "deal_id": 1764
      }
    },
    {
      "type": "Feature",
      "geometry": {
        "type": "Point",
        "coordinates": [
          35.4438996,
          32.5564176
        ]
      },
      "properties": {
        "name": "Project 0392",
        "project_number": 392,
        "address_type": "city",
        "person_id": 1708,
        "place": "בית השיטה",
        "approximate": true,
        "deal_id": 1768
      }
    },
    {
      "type": "Feature",
      "geometry": {
        "type": "Point",
        "coordinates": [
          35.3807303,
          32.9674302
        ]
      },
      "properties": {
        "name": "Project 0393",
        "project_number": 393,
        "address_type": "city",
        "person_id": 1709,
        "place": "Beit Jann",
        "approximate": true,
        "deal_id": 1767
      }
    },
    {
      "type": "Feature",
      "geometry": {
        "type": "Point",
        "coordinates": [
          35.2492039,
          32.9833756
        ]
      },
      "properties": {
        "name": "Project 0394",
        "project_number": 394,
        "address_type": "city",
        "person_id": 1710,
        "place": "Yanuh-Jat",
        "approximate": true,
        "deal_id": 1770
      }
    },
    {
      "type": "Feature",
      "geometry": {
        "type": "Point",
        "coordinates": [
          35.3240149,
          33.0664656
        ]
      },
      "properties": {
        "name": "Project 0395",
        "project_number": 395,
        "address_type": "city",
        "person_id": 1711,
        "place": "נטועה",
        "approximate": true,
        "deal_id": 1769
      }
    },
    {
      "type": "Feature",
      "geometry": {
        "type": "Point",
        "coordinates": [
          35.0561315,
          31.0645933
        ]
      },
      "properties": {
        "name": "Project 0396",
        "project_number": 396,
        "address_type": "city",
        "person_id": 1712,
        "place": "דימונה",
        "approximate": true,
        "deal_id": 1766
      }
    },
    {
      "type": "Feature",
      "geometry": {
        "type": "Point",
        "coordinates": [
          35.3834908,
          32.9675963
        ]
      },
      "properties": {
        "name": "Project 0397",
        "project_number": 397,
        "address_type": "city",
        "person_id": 1713,
        "place": "Beit Jann",
        "approximate": true,
        "deal_id": 1771
      }
    },
    {
      "type": "Feature",
      "geometry": {
        "type": "Point",
        "coordinates": [
          35.1916815,
          32.9454203
        ]
      },
      "properties": {
        "name": "Project 0398",
        "project_number": 398,
        "address_type": "city",
        "person_id": 1714,
        "place": "ירכא",
        "approximate": true,
        "deal_id": 1774
      }
    },
    {
      "type": "Feature",
      "geometry": {
        "type": "Point",
        "coordinates": [
          35.2977252,
          32.9966178
        ]
      },
      "properties": {
        "name": "Project 0399",
        "project_number": 399,
        "address_type": "city",
        "person_id": 1715,
        "place": "חוסן",
        "approximate": true,
        "deal_id": 1775
      }
    },
    {
      "type": "Feature",
      "geometry": {
        "type": "Point",
        "coordinates": [
          35.0551133,
          32.5126177
        ]
      },
      "properties": {
        "name": "Project 0400",
        "project_number": 400,
        "address_type": "city",
        "person_id": 1716,
        "place": "כפר קרע",
        "approximate": true,
        "deal_id": 1772
      }
    },
    {
      "type": "Feature",
      "geometry": {
        "type": "Point",
        "coordinates": [
          35.1087667,
          32.806474
        ]
      },
      "properties": {
        "name": "Project 0401",
        "project_number": 401,
        "address_type": "city",
        "person_id": 1717,
        "place": "קרית אתא",
        "approximate": true,
        "deal_id": 1773
      }
    },
    {
      "type": "Feature",
      "geometry": {
        "type": "Point",
        "coordinates": [
          35.5213364,
          32.7843992
        ]
      },
      "properties": {
        "name": "Project 0402",
        "project_number": 402,
        "address_type": "street",
        "person_id": 1718,
        "place": "טבריה",
        "approximate": false,
        "deal_id": 1777
      }
    },
    {
      "type": "Feature",
      "geometry": {
        "type": "Point",
        "coordinates": [
          35.5718203,
          32.7001976
        ]
      },
      "properties": {
        "name": "Project 0403",
        "project_number": 403,
        "address_type": "street",
        "person_id": 1719,
        "place": "דגניה ב'",
        "approximate": true,
        "deal_id": 1776
      }
    },
    {
      "type": "Feature",
      "geometry": {
        "type": "Point",
        "coordinates": [
          35.0958861,
          32.9326068
        ]
      },
      "properties": {
        "name": "Project 0404",
        "project_number": 404,
        "address_type": "city",
        "person_id": 1720,
        "place": "עכו",
        "approximate": true,
        "deal_id": 1779
      }
    },
    {
      "type": "Feature",
      "geometry": {
        "type": "Point",
        "coordinates": [
          35.332083,
          32.8483209
        ]
      },
      "properties": {
        "name": "Project 0405",
        "project_number": 405,
        "address_type": "city",
        "person_id": 1721,
        "place": "Arraba",
        "approximate": true,
        "deal_id": 1778
      }
    },
    {
      "type": "Feature",
      "geometry": {
        "type": "Point",
        "coordinates": [
          35.4188297,
          32.8834554
        ]
      },
      "properties": {
        "name": "Project 0406",
        "project_number": 406,
        "address_type": "city",
        "person_id": 1722,
        "place": "מגאר",
        "approximate": true,
        "deal_id": 1782
      }
    },
    {
      "type": "Feature",
      "geometry": {
        "type": "Point",
        "coordinates": [
          34.9150839,
          32.3433784
        ]
      },
      "properties": {
        "name": "Project 0407",
        "project_number": 407,
        "address_type": "street",
        "person_id": 1724,
        "place": "כפר מונש",
        "approximate": false,
        "deal_id": 1780
      }
    },
    {
      "type": "Feature",
      "geometry": {
        "type": "Point",
        "coordinates": [
          34.7934609,
          32.0731024
        ]
      },
      "properties": {
        "name": "Project 0408",
        "project_number": 408,
        "address_type": "street",
        "person_id": 1725,
        "place": "תל־אביב–יפו",
        "approximate": false,
        "deal_id": 1783
      }
    },
    {
      "type": "Feature",
      "geometry": {
        "type": "Point",
        "coordinates": [
          34.9345128,
          32.6400397
        ]
      },
      "properties": {
        "name": "Project 0409",
        "project_number": 409,
        "address_type": "street",
        "person_id": 1726,
        "place": "עתלית",
        "approximate": false,
        "deal_id": 1785
      }
    },
    {
      "type": "Feature",
      "geometry": {
        "type": "Point",
        "coordinates": [
          35.576613,
          32.7018942
        ]
      },
      "properties": {
        "name": "Project 0410",
        "project_number": 410,
        "address_type": "city",
        "person_id": 1727,
        "place": "דגניה ב'",
        "approximate": true,
        "deal_id": 1784
      }
    },
    {
      "type": "Feature",
      "geometry": {
        "type": "Point",
        "coordinates": [
          34.7280687,
          31.8804117
        ]
      },
      "properties": {
        "name": "Project 0411",
        "project_number": 411,
        "address_type": "street",
        "person_id": 1728,
        "place": "יבנה",
        "approximate": false,
        "deal_id": 1786
      }
    },
    {
      "type": "Feature",
      "geometry": {
        "type": "Point",
        "coordinates": [
          34.9879835,
          32.8257881
        ]
      },
      "properties": {
        "name": "Project 0412",
        "project_number": 412,
        "address_type": "city",
        "person_id": 1729,
        "place": "צפרירים",
        "approximate": true,
        "deal_id": 1795
      }
    },
    {
      "type": "Feature",
      "geometry": {
        "type": "Point",
        "coordinates": [
          35.0465196,
          32.3667276
        ]
      },
      "properties": {
        "name": "Project 0413",
        "project_number": 413,
        "address_type": "city",
        "person_id": 1730,
        "place": "זמר",
        "approximate": true,
        "deal_id": 1787
      }
    },
    {
      "type": "Feature",
      "geometry": {
        "type": "Point",
        "coordinates": [
          35.3382486,
          32.849567
        ]
      },
      "properties": {
        "name": "Project 0414",
        "project_number": 414,
        "address_type": "city",
        "person_id": 1731,
        "place": "Arraba",
        "approximate": true,
        "deal_id": 1789
      }
    },
    {
      "type": "Feature",
      "geometry": {
        "type": "Point",
        "coordinates": [
          35.2618629,
          32.9265235
        ]
      },
      "properties": {
        "name": "Project 0415",
        "project_number": 415,
        "address_type": "city",
        "person_id": 1732,
        "place": "Majd al-Krum",
        "approximate": true,
        "deal_id": 1793
      }
    },
    {
      "type": "Feature",
      "geometry": {
        "type": "Point",
        "coordinates": [
          34.6475607,
          31.8055287
        ]
      },
      "properties": {
        "name": "Project 0416",
        "project_number": 416,
        "address_type": "city",
        "person_id": 1734,
        "place": "אשדוד",
        "approximate": true,
        "deal_id": 1792
      }
    },
    {
      "type": "Feature",
      "geometry": {
        "type": "Point",
        "coordinates": [
          35.3827641,
          32.9652927
        ]
      },
      "properties": {
        "name": "Project 0417",
        "project_number": 417,
        "address_type": "city",
        "person_id": 1735,
        "place": "Beit Jann",
        "approximate": true,
        "deal_id": 1788
      }
    },
    {
      "type": "Feature",
      "geometry": {
        "type": "Point",
        "coordinates": [
          35.2622305,
          33.0168322
        ]
      },
      "properties": {
        "name": "Project 0418",
        "project_number": 418,
        "address_type": "city",
        "person_id": 1736,
        "place": "מעונה",
        "approximate": true,
        "deal_id": 1791
      }
    },
    {
      "type": "Feature",
      "geometry": {
        "type": "Point",
        "coordinates": [
          34.9383632,
          32.5659644
        ]
      },
      "properties": {
        "name": "Project 0419",
        "project_number": 419,
        "address_type": "city",
        "person_id": 1737,
        "place": "קיסריה",
        "approximate": true,
        "deal_id": 1794
      }
    },
    {
      "type": "Feature",
      "geometry": {
        "type": "Point",
        "coordinates": [
          34.9066503,
          32.1388539
        ]
      },
      "properties": {
        "name": "Project 0420",
        "project_number": 420,
        "address_type": "city",
        "person_id": 1738,
        "place": "עדנים",
        "approximate": true,
        "deal_id": 1799
      }
    },
    {
      "type": "Feature",
      "geometry": {
        "type": "Point",
        "coordinates": [
          34.7507001,
          31.3892989
        ]
      },
      "properties": {
        "name": "Project 0421",
        "project_number": 421,
        "address_type": "city",
        "person_id": 1739,
        "place": "רהט",
        "approximate": true,
        "deal_id": 1802
      }
    },
    {
      "type": "Feature",
      "geometry": {
        "type": "Point",
        "coordinates": [
          34.8712327,
          32.3790705
        ]
      },
      "properties": {
        "name": "Project 0422",
        "project_number": 422,
        "address_type": "city",
        "person_id": 1740,
        "place": "כפר ויתקין",
        "approximate": true,
        "deal_id": 1796
      }
    },
    {
      "type": "Feature",
      "geometry": {
        "type": "Point",
        "coordinates": [
          35.1736704,
          32.794351
        ]
      },
      "properties": {
        "name": "Project 0423",
        "project_number": 423,
        "address_type": "city",
        "person_id": 1741,
        "place": "ברקת",
        "approximate": true,
        "deal_id": 1800
      }
    },
    {
      "type": "Feature",
      "geometry": {
        "type": "Point",
        "coordinates": [
          35.0826093,
          32.9260651
        ]
      },
      "properties": {
        "name": "Project 0424",
        "project_number": 424,
        "address_type": "street",
        "person_id": 1742,
        "place": "עכו",
        "approximate": false,
        "deal_id": 1798
      }
    },
    {
      "type": "Feature",
      "geometry": {
        "type": "Point",
        "coordinates": [
          35.5803512,
          32.6605947
        ]
      },
      "properties": {
        "name": "Project 0425",
        "project_number": 425,
        "address_type": "city",
        "person_id": 1743,
        "place": "אשדות יעקב איחוד",
        "approximate": true,
        "deal_id": 1801
      }
    },
    {
      "type": "Feature",
      "geometry": {
        "type": "Point",
        "coordinates": [
          35.1555889,
          32.9555461
        ]
      },
      "properties": {
        "name": "Project 0426",
        "project_number": 426,
        "address_type": "city",
        "person_id": 1744,
        "place": "Abu Snan",
        "approximate": true,
        "deal_id": 1803
      }
    },
    {
      "type": "Feature",
      "geometry": {
        "type": "Point",
        "coordinates": [
          34.9533163,
          32.7334467
        ]
      },
      "properties": {
        "name": "Project 0427",
        "project_number": 427,
        "address_type": "city",
        "person_id": 1745,
        "place": "מגדים",
        "approximate": true,
        "deal_id": 1806
      }
    },
    {
      "type": "Feature",
      "geometry": {
        "type": "Point",
        "coordinates": [
          35.2370162,
          32.8304091
        ]
      },
      "properties": {
        "name": "Project 0428",
        "project_number": 428,
        "address_type": "city",
        "person_id": 1746,
        "place": "מורשת",
        "approximate": true,
        "deal_id": 1805
      }
    },
    {
      "type": "Feature",
      "geometry": {
        "type": "Point",
        "coordinates": [
          35.2424271,
          33.0354358
        ]
      },
      "properties": {
        "name": "Project 0429",
        "project_number": 429,
        "address_type": "city",
        "person_id": 1747,
        "place": "מצפה הילה",
        "approximate": true,
        "deal_id": 1804
      }
    },
    {
      "type": "Feature",
      "geometry": {
        "type": "Point",
        "coordinates": [
          35.4687264,
          31.9046355
        ]
      },
      "properties": {
        "name": "Project 0430",
        "project_number": 430,
        "address_type": "city",
        "person_id": 1748,
        "place": "נעמה",
        "approximate": true,
        "deal_id": 1807
      }
    },
    {
      "type": "Feature",
      "geometry": {
        "type": "Point",
        "coordinates": [
          35.2739948,
          32.9322614
        ]
      },
      "properties": {
        "name": "Project 0431",
        "project_number": 431,
        "address_type": "city",
        "person_id": 1749,
        "place": "Deir al-Asad",
        "approximate": true,
        "deal_id": 1810
      }
    },
    {
      "type": "Feature",
      "geometry": {
        "type": "Point",
        "coordinates": [
          35.0172946,
          32.1230346
        ]
      },
      "properties": {
        "name": "Project 0432",
        "project_number": 432,
        "address_type": "city",
        "person_id": 1750,
        "place": "אלקנה",
        "approximate": true,
        "deal_id": 1808
      }
    },
    {
      "type": "Feature",
      "geometry": {
        "type": "Point",
        "coordinates": [
          35.1006711,
          32.5272362
        ]
      },
      "properties": {
        "name": "Project 0433",
        "project_number": 433,
        "address_type": "city",
        "person_id": 1751,
        "place": "Basma",
        "approximate": true,
        "deal_id": 1812
      }
    },
    {
      "type": "Feature",
      "geometry": {
        "type": "Point",
        "coordinates": [
          34.7439145,
          31.710945
        ]
      },
      "properties": {
        "name": "Project 0434",
        "project_number": 434,
        "address_type": "city",
        "person_id": 1752,
        "place": "אביגדור",
        "approximate": true,
        "deal_id": 1809
      }
    },
    {
      "type": "Feature",
      "geometry": {
        "type": "Point",
        "coordinates": [
          35.2268813,
          31.6547971
        ]
      },
      "properties": {
        "name": "Project 0435",
        "project_number": 435,
        "address_type": "city",
        "person_id": 1753,
        "place": "תקוע",
        "approximate": true,
        "deal_id": 1813
      }
    },
    {
      "type": "Feature",
      "geometry": {
        "type": "Point",
        "coordinates": [
          34.7539654,
          31.818339
        ]
      },
      "properties": {
        "name": "Project 0436",
        "project_number": 436,
        "address_type": "city",
        "person_id": 1754,
        "place": "מישר",
        "approximate": true,
        "deal_id": 1811
      }
    },
    {
      "type": "Feature",
      "geometry": {
        "type": "Point",
        "coordinates": [
          35.1013886,
          31.7117034
        ]
      },
      "properties": {
        "name": "Project 0437",
        "project_number": 437,
        "address_type": "city",
        "person_id": 1755,
        "place": "צור הדסה",
        "approximate": true,
        "deal_id": 1816
      }
    },
    {
      "type": "Feature",
      "geometry": {
        "type": "Point",
        "coordinates": [
          34.7910937,
          31.7889723
        ]
      },
      "properties": {
        "name": "Project 0438",
        "project_number": 438,
        "address_type": "city",
        "person_id": 1756,
        "place": "גני טל",
        "approximate": true,
        "deal_id": 1815
      }
    },
    {
      "type": "Feature",
      "geometry": {
        "type": "Point",
        "coordinates": [
          35.2386192,
          32.6785382
        ]
      },
      "properties": {
        "name": "Project 0439",
        "project_number": 439,
        "address_type": "city",
        "person_id": 1757,
        "place": "מגדל העמק",
        "approximate": true,
        "deal_id": 1814
      }
    },
    {
      "type": "Feature",
      "geometry": {
        "type": "Point",
        "coordinates": [
          35.3383805,
          32.9415818
        ]
      },
      "properties": {
        "name": "Project 0440",
        "project_number": 440,
        "address_type": "city",
        "person_id": 1758,
        "place": "סאג'ור",
        "approximate": true,
        "deal_id": 1817
      }
    },
    {
      "type": "Feature",
      "geometry": {
        "type": "Point",
        "coordinates": [
          34.9088771,
          32.1380494
        ]
      },
      "properties": {
        "name": "Project 0441",
        "project_number": 441,
        "address_type": "city",
        "person_id": 1759,
        "place": "עדנים",
        "approximate": true,
        "deal_id": 1819
      }
    },
    {
      "type": "Feature",
      "geometry": {
        "type": "Point",
        "coordinates": [
          35.33822,
          32.8512434
        ]
      },
      "properties": {
        "name": "Project 0442",
        "project_number": 442,
        "address_type": "city",
        "person_id": 1760,
        "place": "Arraba",
        "approximate": true,
        "deal_id": 1818
      }
    },
    {
      "type": "Feature",
      "geometry": {
        "type": "Point",
        "coordinates": [
          35.2486256,
          33.0358738
        ]
      },
      "properties": {
        "name": "Project 0443",
        "project_number": 443,
        "address_type": "city",
        "person_id": 1761,
        "place": "מצפה הילה",
        "approximate": true,
        "deal_id": 1822
      }
    },
    {
      "type": "Feature",
      "geometry": {
        "type": "Point",
        "coordinates": [
          35.2580422,
          33.0137205
        ]
      },
      "properties": {
        "name": "Project 0444",
        "project_number": 444,
        "address_type": "city",
        "person_id": 1762,
        "place": "מעונה",
        "approximate": true,
        "deal_id": 1824
      }
    },
    {
      "type": "Feature",
      "geometry": {
        "type": "Point",
        "coordinates": [
          35.2948361,
          32.9100477
        ]
      },
      "properties": {
        "name": "Project 0445",
        "project_number": 445,
        "address_type": "street",
        "person_id": 1763,
        "place": "כרמיאל",
        "approximate": false,
        "deal_id": 1821
      }
    },
    {
      "type": "Feature",
      "geometry": {
        "type": "Point",
        "coordinates": [
          34.9770298,
          32.7591163
        ]
      },
      "properties": {
        "name": "Project 0446",
        "project_number": 446,
        "address_type": "street",
        "person_id": 1764,
        "place": "טירת הכרמל",
        "approximate": false,
        "deal_id": 1820
      }
    },
    {
      "type": "Feature",
      "geometry": {
        "type": "Point",
        "coordinates": [
          35.0760367,
          32.9286002
        ]
      },
      "properties": {
        "name": "Project 0447",
        "project_number": 447,
        "address_type": "street",
        "person_id": 1765,
        "place": "עכו",
        "approximate": false,
        "deal_id": 1825
      }
    },
    {
      "type": "Feature",
      "geometry": {
        "type": "Point",
        "coordinates": [
          35.3693418,
          32.9661274
        ]
      },
      "properties": {
        "name": "Project 0448",
        "project_number": 448,
        "address_type": "city",
        "person_id": 1766,
        "place": "Beit Jann",
        "approximate": true,
        "deal_id": 1823
      }
    },
    {
      "type": "Feature",
      "geometry": {
        "type": "Point",
        "coordinates": [
          35.0812201,
          32.9261173
        ]
      },
      "properties": {
        "name": "Project 0449",
        "project_number": 449,
        "address_type": "street",
        "person_id": 1767,
        "place": "עכו",
        "approximate": false,
        "deal_id": 1827
      }
    },
    {
      "type": "Feature",
      "geometry": {
        "type": "Point",
        "coordinates": [
          35.1684071,
          32.8001628
        ]
      },
      "properties": {
        "name": "Project 0450",
        "project_number": 450,
        "address_type": "city",
        "person_id": 1768,
        "place": "ברקת",
        "approximate": true,
        "deal_id": 1826
      }
    },
    {
      "type": "Feature",
      "geometry": {
        "type": "Point",
        "coordinates": [
          35.4381192,
          32.5873588
        ]
      },
      "properties": {
        "name": "Project 0451",
        "project_number": 451,
        "address_type": "city",
        "person_id": 1769,
        "place": "מולדת",
        "approximate": true,
        "deal_id": 1828
      }
    },
    {
      "type": "Feature",
      "geometry": {
        "type": "Point",
        "coordinates": [
          35.2633971,
          32.9968752
        ]
      },
      "properties": {
        "name": "Project 0452",
        "project_number": 452,
        "address_type": "street",
        "person_id": 1770,
        "place": "כפר ורדים",
        "approximate": false,
        "deal_id": 1830
      }
    },
    {
      "type": "Feature",
      "geometry": {
        "type": "Point",
        "coordinates": [
          35.29612,
          32.0494868
        ]
      },
      "properties": {
        "name": "Project 0453",
        "project_number": 453,
        "address_type": "city",
        "person_id": 1771,
        "place": "שילה",
        "approximate": true,
        "deal_id": 1831
      }
    },
    {
      "type": "Feature",
      "geometry": {
        "type": "Point",
        "coordinates": [
          35.181887,
          32.94311
        ]
      },
      "properties": {
        "name": "Project 0454",
        "project_number": 454,
        "address_type": "city",
        "person_id": 1772,
        "place": "ג'וליס",
        "approximate": true,
        "deal_id": 1832
      }
    },
    {
      "type": "Feature",
      "geometry": {
        "type": "Point",
        "coordinates": [
          35.3711551,
          32.9336748
        ]
      },
      "properties": {
        "name": "Project 0455",
        "project_number": 455,
        "address_type": "street",
        "person_id": 1773,
        "place": "Rameh",
        "approximate": true,
        "deal_id": 1829
      }
    },
    {
      "type": "Feature",
      "geometry": {
        "type": "Point",
        "coordinates": [
          34.752158,
          31.6056004
        ]
      },
      "properties": {
        "name": "Project 0456",
        "project_number": 456,
        "address_type": "city",
        "person_id": 1774,
        "place": "נחל לכיש",
        "approximate": true,
        "deal_id": 1833
      }
    },
    {
      "type": "Feature",
      "geometry": {
        "type": "Point",
        "coordinates": [
          35.3366798,
          32.9432875
        ]
      },
      "properties": {
        "name": "Project 0457",
        "project_number": 457,
        "address_type": "city",
        "person_id": 1775,
        "place": "סאג'ור",
        "approximate": true,
        "deal_id": 1834
      }
    },
    {
      "type": "Feature",
      "geometry": {
        "type": "Point",
        "coordinates": [
          35.4490863,
          32.5830425
        ]
      },
      "properties": {
        "name": "Project 0458",
        "project_number": 458,
        "address_type": "city",
        "person_id": 1776,
        "place": "מולדת",
        "approximate": true,
        "deal_id": 1835
      }
    },
    {
      "type": "Feature",
      "geometry": {
        "type": "Point",
        "coordinates": [
          35.2953573,
          32.6138746
        ]
      },
      "properties": {
        "name": "Project 0459",
        "project_number": 459,
        "address_type": "street",
        "person_id": 1777,
        "place": "עפולה",
        "approximate": false,
        "deal_id": 1838
      }
    },
    {
      "type": "Feature",
      "geometry": {
        "type": "Point",
        "coordinates": [
          35.0962521,
          32.5327313
        ]
      },
      "properties": {
        "name": "Project 0460",
        "project_number": 460,
        "address_type": "city",
        "person_id": 1778,
        "place": "Basma",
        "approximate": true,
        "deal_id": 1839
      }
    },
    {
      "type": "Feature",
      "geometry": {
        "type": "Point",
        "coordinates": [
          35.2337509,
          32.8242998
        ]
      },
      "properties": {
        "name": "Project 0461",
        "project_number": 461,
        "address_type": "city",
        "person_id": 1779,
        "place": "מורשת",
        "approximate": true,
        "deal_id": 1836
      }
    },
    {
      "type": "Feature",
      "geometry": {
        "type": "Point",
        "coordinates": [
          35.6752301,
          32.9913406
        ]
      },
      "properties": {
        "name": "Project 0462",
        "project_number": 462,
        "address_type": "city",
        "person_id": 1780,
        "place": "קצרין",
        "approximate": true,
        "deal_id": 1840
      }
    },
    {
      "type": "Feature",
      "geometry": {
        "type": "Point",
        "coordinates": [
          35.3231191,
          32.7395131
        ]
      },
      "properties": {
        "name": "Project 0463",
        "project_number": 463,
        "address_type": "city",
        "person_id": 1781,
        "place": "Reineh",
        "approximate": true,
        "deal_id": 1844
      }
    },
    {
      "type": "Feature",
      "geometry": {
        "type": "Point",
        "coordinates": [
          34.645367,
          31.7957125
        ]
      },
      "properties": {
        "name": "Project 0464",
        "project_number": 464,
        "address_type": "street",
        "person_id": 1782,
        "place": "אשדוד",
        "approximate": false,
        "deal_id": 1843
      }
    },
    {
      "type": "Feature",
      "geometry": {
        "type": "Point",
        "coordinates": [
          35.321375,
          32.7059967
        ]
      },
      "properties": {
        "name": "Project 0465",
        "project_number": 465,
        "address_type": "street",
        "person_id": 1783,
        "place": "נוף הגליל",
        "approximate": false,
        "deal_id": 1841
      }
    },
    {
      "type": "Feature",
      "geometry": {
        "type": "Point",
        "coordinates": [
          35.3244285,
          33.0614692
        ]
      },
      "properties": {
        "name": "Project 0466",
        "project_number": 466,
        "address_type": "city",
        "person_id": 1784,
        "place": "נטועה",
        "approximate": true,
        "deal_id": 1842
      }
    },
    {
      "type": "Feature",
      "geometry": {
        "type": "Point",
        "coordinates": [
          35.3263995,
          32.7125078
        ]
      },
      "properties": {
        "name": "Project 0467",
        "project_number": 467,
        "address_type": "street",
        "person_id": 1785,
        "place": "נוף הגליל",
        "approximate": false,
        "deal_id": 1845
      }
    },
    {
      "type": "Feature",
      "geometry": {
        "type": "Point",
        "coordinates": [
          35.3398242,
          32.9420922
        ]
      },
      "properties": {
        "name": "Project 0468",
        "project_number": 468,
        "address_type": "city",
        "person_id": 1786,
        "place": "סאג'ור",
        "approximate": true,
        "deal_id": 1849
      }
    },
    {
      "type": "Feature",
      "geometry": {
        "type": "Point",
        "coordinates": [
          35.3350381,
          32.9305127
        ]
      },
      "properties": {
        "name": "Project 0469",
        "project_number": 469,
        "address_type": "city",
        "person_id": 1787,
        "place": "סאג'ור",
        "approximate": true,
        "deal_id": 1846
      }
    },
    {
      "type": "Feature",
      "geometry": {
        "type": "Point",
        "coordinates": [
          35.2795901,
          32.9332424
        ]
      },
      "properties": {
        "name": "Project 0470",
        "project_number": 470,
        "address_type": "city",
        "person_id": 1788,
        "place": "Deir al-Asad",
        "approximate": true,
        "deal_id": 1848
      }
    },
    {
      "type": "Feature",
      "geometry": {
        "type": "Point",
        "coordinates": [
          34.9257029,
          32.3163881
        ]
      },
      "properties": {
        "name": "Project 0471",
        "project_number": 471,
        "address_type": "street",
        "person_id": 1789,
        "place": "כפר יונה",
        "approximate": false,
        "deal_id": 1847
      }
    },
    {
      "type": "Feature",
      "geometry": {
        "type": "Point",
        "coordinates": [
          35.2359942,
          32.9035096
        ]
      },
      "properties": {
        "name": "Project 0472",
        "project_number": 472,
        "address_type": "city",
        "person_id": 1790,
        "place": "גילון",
        "approximate": true,
        "deal_id": 1850
      }
    },
    {
      "type": "Feature",
      "geometry": {
        "type": "Point",
        "coordinates": [
          34.7957327,
          31.7909754
        ]
      },
      "properties": {
        "name": "Project 0473",
        "project_number": 473,
        "address_type": "city",
        "person_id": 1791,
        "place": "גני טל",
        "approximate": true,
        "deal_id": 1852
      }
    },
    {
      "type": "Feature",
      "geometry": {
        "type": "Point",
        "coordinates": [
          35.5205764,
          32.7753081
        ]
      },
      "properties": {
        "name": "Project 0474",
        "project_number": 474,
        "address_type": "city",
        "person_id": 1792,
        "place": "טבריה",
        "approximate": true,
        "deal_id": 1854
      }
    },
    {
      "type": "Feature",
      "geometry": {
        "type": "Point",
        "coordinates": [
          35.2599025,
          33.0213177
        ]
      },
      "properties": {
        "name": "Project 0475",
        "project_number": 475,
        "address_type": "city",
        "person_id": 1793,
        "place": "כלנית",
        "approximate": true,
        "deal_id": 1853
      }
    },
    {
      "type": "Feature",
      "geometry": {
        "type": "Point",
        "coordinates": [
          35.2439238,
          32.5592865
        ]
      },
      "properties": {
        "name": "Project 0476",
        "project_number": 476,
        "address_type": "city",
        "person_id": 1794,
        "place": "אומן",
        "approximate": true,
        "deal_id": 1855
      }
    },
    {
      "type": "Feature",
      "geometry": {
        "type": "Point",
        "coordinates": [
          35.3762154,
          32.6903004
        ]
      },
      "properties": {
        "name": "Project 0477",
        "project_number": 477,
        "address_type": "city",
        "person_id": 1795,
        "place": "Daburiyya",
        "approximate": true,
        "deal_id": 1851
      }
    },
    {
      "type": "Feature",
      "geometry": {
        "type": "Point",
        "coordinates": [
          35.4424888,
          31.9860074
        ]
      },
      "properties": {
        "name": "Project 0478",
        "project_number": 478,
        "address_type": "city",
        "person_id": 1796,
        "place": "נתיב הגדוד",
        "approximate": true,
        "deal_id": 1860
      }
    },
    {
      "type": "Feature",
      "geometry": {
        "type": "Point",
        "coordinates": [
          34.8630884,
          31.9871065
        ]
      },
      "properties": {
        "name": "Project 0479",
        "project_number": 479,
        "address_type": "city",
        "person_id": 1797,
        "place": "אחיעזר",
        "approximate": true,
        "deal_id": 1856
      }
    },
    {
      "type": "Feature",
      "geometry": {
        "type": "Point",
        "coordinates": [
          35.1877168,
          32.8275378
        ]
      },
      "properties": {
        "name": "Project 0480",
        "project_number": 480,
        "address_type": "city",
        "person_id": 1798,
        "place": "I'billin",
        "approximate": true,
        "deal_id": 1859
      }
    },
    {
      "type": "Feature",
      "geometry": {
        "type": "Point",
        "coordinates": [
          35.0389142,
          32.6914538
        ]
      },
      "properties": {
        "name": "Project 0481",
        "project_number": 481,
        "address_type": "city",
        "person_id": 1799,
        "place": "Daliyat al-Karmel",
        "approximate": true,
        "deal_id": 1861
      }
    },
    {
      "type": "Feature",
      "geometry": {
        "type": "Point",
        "coordinates": [
          35.1092731,
          33.008912
        ]
      },
      "properties": {
        "name": "Project 0482",
        "project_number": 482,
        "address_type": "city",
        "person_id": 1800,
        "place": "נהריה",
        "approximate": true,
        "deal_id": 1858
      }
    },
    {
      "type": "Feature",
      "geometry": {
        "type": "Point",
        "coordinates": [
          35.3503791,
          32.9305026
        ]
      },
      "properties": {
        "name": "Project 0483",
        "project_number": 483,
        "address_type": "city",
        "person_id": 1801,
        "place": "סאג'ור",
        "approximate": true,
        "deal_id": 1862
      }
    },
    {
      "type": "Feature",
      "geometry": {
        "type": "Point",
        "coordinates": [
          34.7908788,
          32.0484043
        ]
      },
      "properties": {
        "name": "Project 0484",
        "project_number": 484,
        "address_type": "city",
        "person_id": 1802,
        "place": "נווה שאנן",
        "approximate": true,
        "deal_id": 1864
      }
    },
    {
      "type": "Feature",
      "geometry": {
        "type": "Point",
        "coordinates": [
          35.2552574,
          33.0145403
        ]
      },
      "properties": {
        "name": "Project 0485",
        "project_number": 485,
        "address_type": "city",
        "person_id": 1803,
        "place": "מעונה",
        "approximate": true,
        "deal_id": 1857
      }
    },
    {
      "type": "Feature",
      "geometry": {
        "type": "Point",
        "coordinates": [
          34.7655409,
          32.0631079
        ]
      },
      "properties": {
        "name": "Project 0486",
        "project_number": 486,
        "address_type": "city",
        "person_id": 1804,
        "place": "נווה שאנן",
        "approximate": true,
        "deal_id": 1863
      }
    },
    {
      "type": "Feature",
      "geometry": {
        "type": "Point",
        "coordinates": [
          35.0779413,
          32.9271182
        ]
      },
      "properties": {
        "name": "Project 0487",
        "project_number": 487,
        "address_type": "street",
        "person_id": 1805,
        "place": "עכו",
        "approximate": false,
        "deal_id": 1865
      }
    },
    {
      "type": "Feature",
      "geometry": {
        "type": "Point",
        "coordinates": [
          35.4774283,
          32.4524267
        ]
      },
      "properties": {
        "name": "Project 0488",
        "project_number": 488,
        "address_type": "city",
        "person_id": 1806,
        "place": "רוויה",
        "approximate": true,
        "deal_id": 1867
      }
    },
    {
      "type": "Feature",
      "geometry": {
        "type": "Point",
        "coordinates": [
          34.9100048,
          32.1389634
        ]
      },
      "properties": {
        "name": "Project 0489",
        "project_number": 489,
        "address_type": "city",
        "person_id": 1807,
        "place": "עדנים",
        "approximate": true,
        "deal_id": 1869
      }
    },
    {
      "type": "Feature",
      "geometry": {
        "type": "Point",
        "coordinates": [
          35.2730357,
          32.9309766
        ]
      },
      "properties": {
        "name": "Project 0490",
        "project_number": 490,
        "address_type": "city",
        "person_id": 1808,
        "place": "Deir al-Asad",
        "approximate": true,
        "deal_id": 1866
      }
    },
    {
      "type": "Feature",
      "geometry": {
        "type": "Point",
        "coordinates": [
          34.9010177,
          32.3576345
        ]
      },
      "properties": {
        "name": "Project 0491",
        "project_number": 491,
        "address_type": "street",
        "person_id": 1809,
        "place": "כפר חיים",
        "approximate": false,
        "deal_id": 1868
      }
    },
    {
      "type": "Feature",
      "geometry": {
        "type": "Point",
        "coordinates": [
          35.3543008,
          32.9352223
        ]
      },
      "properties": {
        "name": "Project 0492",
        "project_number": 492,
        "address_type": "city",
        "person_id": 1810,
        "place": "סאג'ור",
        "approximate": true,
        "deal_id": 1870
      }
    },
    {
      "type": "Feature",
      "geometry": {
        "type": "Point",
        "coordinates": [
          35.0790938,
          32.930924
        ]
      },
      "properties": {
        "name": "Project 0493",
        "project_number": 493,
        "address_type": "street",
        "person_id": 1811,
        "place": "עכו",
        "approximate": false,
        "deal_id": 1872
      }
    },
    {
      "type": "Feature",
      "geometry": {
        "type": "Point",
        "coordinates": [
          35.269997,
          32.9907644
        ]
      },
      "properties": {
        "name": "Project 0494",
        "project_number": 494,
        "address_type": "city",
        "person_id": 1812,
        "place": "Yanuh-Jat",
        "approximate": true,
        "deal_id": 1871
      }
    },
    {
      "type": "Feature",
      "geometry": {
        "type": "Point",
        "coordinates": [
          34.9650168,
          32.3085437
        ]
      },
      "properties": {
        "name": "Project 0495",
        "project_number": 495,
        "address_type": "city",
        "person_id": 1813,
        "place": "תנובות",
        "approximate": true,
        "deal_id": 1873
      }
    },
    {
      "type": "Feature",
      "geometry": {
        "type": "Point",
        "coordinates": [
          35.2912851,
          33.0413908
        ]
      },
      "properties": {
        "name": "Project 0496",
        "project_number": 496,
        "address_type": "city",
        "person_id": 1814,
        "place": "אבירים",
        "approximate": true,
        "deal_id": 1874
      }
    },
    {
      "type": "Feature",
      "geometry": {
        "type": "Point",
        "coordinates": [
          35.1660474,
          32.7013302
        ]
      },
      "properties": {
        "name": "Project 0497",
        "project_number": 497,
        "address_type": "city",
        "person_id": 1815,
        "place": "רמת ישי",
        "approximate": true,
        "deal_id": 1877
      }
    },
    {
      "type": "Feature",
      "geometry": {
        "type": "Point",
        "coordinates": [
          35.3680571,
          32.9609543
        ]
      },
      "properties": {
        "name": "Project 0498",
        "project_number": 498,
        "address_type": "street",
        "person_id": 1816,
        "place": "בית ג'ן",
        "approximate": true,
        "deal_id": 1876
      }
    },
    {
      "type": "Feature",
      "geometry": {
        "type": "Point",
        "coordinates": [
          34.5920766,
          31.5228173
        ]
      },
      "properties": {
        "name": "Project 0499",
        "project_number": 499,
        "address_type": "city",
        "person_id": 1817,
        "place": "סתוונית",
        "approximate": true,
        "deal_id": 1875
      }
    },
    {
      "type": "Feature",
      "geometry": {
        "type": "Point",
        "coordinates": [
          34.6462705,
          31.3279927
        ]
      },
      "properties": {
        "name": "Project 0500",
        "project_number": 500,
        "address_type": "street",
        "person_id": 1818,
        "place": "גילת",
        "approximate": true,
        "deal_id": 1879
      }
    },
    {
      "type": "Feature",
      "geometry": {
        "type": "Point",
        "coordinates": [
          35.4682675,
          31.9050557
        ]
      },
      "properties": {
        "name": "Project 0501",
        "project_number": 501,
        "address_type": "city",
        "person_id": 1819,
        "place": "נעמה",
        "approximate": true,
        "deal_id": 1878
      }
    },
    {
      "type": "Feature",
      "geometry": {
        "type": "Point",
        "coordinates": [
          34.8628554,
          32.3420958
        ]
      },
      "properties": {
        "name": "Project 0502",
        "project_number": 502,
        "address_type": "street",
        "person_id": 1820,
        "place": "נתניה",
        "approximate": true,
        "deal_id": 1881
      }
    },
    {
      "type": "Feature",
      "geometry": {
        "type": "Point",
        "coordinates": [
          35.0777747,
          32.925935
        ]
      },
      "properties": {
        "name": "Project 0503",
        "project_number": 503,
        "address_type": "street",
        "person_id": 1821,
        "place": "עכו",
        "approximate": false,
        "deal_id": 1880
      }
    },
    {
      "type": "Feature",
      "geometry": {
        "type": "Point",
        "coordinates": [
          35.315896,
          33.0444746
        ]
      },
      "properties": {
        "name": "Project 0504",
        "project_number": 504,
        "address_type": "street",
        "person_id": 1822,
        "place": "פסוטה63",
        "approximate": true,
        "deal_id": 1882
      }
    },
    {
      "type": "Feature",
      "geometry": {
        "type": "Point",
        "coordinates": [
          35.2883948,
          32.9074796
        ]
      },
      "properties": {
        "name": "Project 0505",
        "project_number": 505,
        "address_type": "street",
        "person_id": 1823,
        "place": "כרמיאל",
        "approximate": false,
        "deal_id": 1883
      }
    },
    {
      "type": "Feature",
      "geometry": {
        "type": "Point",
        "coordinates": [
          35.2107646,
          32.9534691
        ]
      },
      "properties": {
        "name": "Project 0506",
        "project_number": 506,
        "address_type": "city",
        "person_id": 1824,
        "place": "ירכא",
        "approximate": true,
        "deal_id": 1886
      }
    },
    {
      "type": "Feature",
      "geometry": {
        "type": "Point",
        "coordinates": [
          35.2863105,
          32.9022864
        ]
      },
      "properties": {
        "name": "Project 0507",
        "project_number": 507,
        "address_type": "city",
        "person_id": 1825,
        "place": "משגב",
        "approximate": true,
        "deal_id": 1885
      }
    },
    {
      "type": "Feature",
      "geometry": {
        "type": "Point",
        "coordinates": [
          34.7736532,
          32.0221201
        ]
      },
      "properties": {
        "name": "Project 0508",
        "project_number": 508,
        "address_type": "city",
        "person_id": 1826,
        "place": "חולון",
        "approximate": true,
        "deal_id": 1892
      }
    },
    {
      "type": "Feature",
      "geometry": {
        "type": "Point",
        "coordinates": [
          35.1875101,
          32.9368902
        ]
      },
      "properties": {
        "name": "Project 0509",
        "project_number": 509,
        "address_type": "city",
        "person_id": 1827,
        "place": "ג'וליס",
        "approximate": true,
        "deal_id": 1887
      }
    },
    {
      "type": "Feature",
      "geometry": {
        "type": "Point",
        "coordinates": [
          35.3004393,
          32.9973754
        ]
      },
      "properties": {
        "name": "Project 0510",
        "project_number": 510,
        "address_type": "city",
        "person_id": 1828,
        "place": "חוסן",
        "approximate": true,
        "deal_id": 1889
      }
    },
    {
      "type": "Feature",
      "geometry": {
        "type": "Point",
        "coordinates": [
          35.2882584,
          32.6987333
        ]
      },
      "properties": {
        "name": "Project 0511",
        "project_number": 511,
        "address_type": "city",
        "person_id": 1829,
        "place": "נצרת",
        "approximate": true,
        "deal_id": 1888
      }
    },
    {
      "type": "Feature",
      "geometry": {
        "type": "Point",
        "coordinates": [
          34.9281716,
          32.310608
        ]
      },
      "properties": {
        "name": "Project 0512",
        "project_number": 512,
        "address_type": "city",
        "person_id": 1830,
        "place": "תמר",
        "approximate": true,
        "deal_id": 1891
      }
    },
    {
      "type": "Feature",
      "geometry": {
        "type": "Point",
        "coordinates": [
          35.6836544,
          32.9987225
        ]
      },
      "properties": {
        "name": "Project 0513",
        "project_number": 513,
        "address_type": "city",
        "person_id": 1831,
        "place": "קצרין",
        "approximate": true,
        "deal_id": 1890
      }
    },
    {
      "type": "Feature",
      "geometry": {
        "type": "Point",
        "coordinates": [
          35.5830502,
          32.6577579
        ]
      },
      "properties": {
        "name": "Project 0514",
        "project_number": 514,
        "address_type": "city",
        "person_id": 1832,
        "place": "אשדות יעקב איחוד",
        "approximate": true,
        "deal_id": 1893
      }
    },
    {
      "type": "Feature",
      "geometry": {
        "type": "Point",
        "coordinates": [
          35.0937282,
          32.9518332
        ]
      },
      "properties": {
        "name": "Project 0515",
        "project_number": 515,
        "address_type": "city",
        "person_id": 1833,
        "place": "שומרת",
        "approximate": true,
        "deal_id": 1895
      }
    },
    {
      "type": "Feature",
      "geometry": {
        "type": "Point",
        "coordinates": [
          35.0300651,
          32.3660572
        ]
      },
      "properties": {
        "name": "Project 0516",
        "project_number": 516,
        "address_type": "city",
        "person_id": 1834,
        "place": "מרג'ה",
        "approximate": true,
        "deal_id": 1894
      }
    },
    {
      "type": "Feature",
      "geometry": {
        "type": "Point",
        "coordinates": [
          35.5206465,
          32.7839919
        ]
      },
      "properties": {
        "name": "Project 0517",
        "project_number": 517,
        "address_type": "city",
        "person_id": 1835,
        "place": "טבריה",
        "approximate": true,
        "deal_id": 1896
      }
    },
    {
      "type": "Feature",
      "geometry": {
        "type": "Point",
        "coordinates": [
          35.7526592,
          32.8541334
        ]
      },
      "properties": {
        "name": "Project 0518",
        "project_number": 518,
        "address_type": "city",
        "person_id": 1836,
        "place": "נטור",
        "approximate": true,
        "deal_id": 1897
      }
    },
    {
      "type": "Feature",
      "geometry": {
        "type": "Point",
        "coordinates": [
          34.8122915,
          31.8926494
        ]
      },
      "properties": {
        "name": "Project 0519",
        "project_number": 519,
        "address_type": "city",
        "person_id": 1837,
        "place": "רחובות",
        "approximate": true,
        "deal_id": 1901
      }
    },
    {
      "type": "Feature",
      "geometry": {
        "type": "Point",
        "coordinates": [
          35.2399652,
          32.7236667
        ]
      },
      "properties": {
        "name": "Project 0520",
        "project_number": 520,
        "address_type": "street",
        "person_id": 1838,
        "place": "תל עדשים",
        "approximate": false,
        "deal_id": 1900
      }
    },
    {
      "type": "Feature",
      "geometry": {
        "type": "Point",
        "coordinates": [
          35.6544897,
          33.2398817
        ]
      },
      "properties": {
        "name": "Project 0521",
        "project_number": 521,
        "address_type": "city",
        "person_id": 1839,
        "place": "דן",
        "approximate": true,
        "deal_id": 1899
      }
    },
    {
      "type": "Feature",
      "geometry": {
        "type": "Point",
        "coordinates": [
          35.0523459,
          32.4712083
        ]
      },
      "properties": {
        "name": "Project 0522",
        "project_number": 522,
        "address_type": "city",
        "person_id": 1840,
        "place": "חריש",
        "approximate": true,
        "deal_id": 1898
      }
    },
    {
      "type": "Feature",
      "geometry": {
        "type": "Point",
        "coordinates": [
          34.8509684,
          31.9174374
        ]
      },
      "properties": {
        "name": "Project 0523",
        "project_number": 523,
        "address_type": "city",
        "person_id": 1841,
        "place": "רמלה",
        "approximate": true,
        "deal_id": 1903
      }
    },
    {
      "type": "Feature",
      "geometry": {
        "type": "Point",
        "coordinates": [
          34.9364497,
          32.1740566
        ]
      },
      "properties": {
        "name": "Project 0524",
        "project_number": 524,
        "address_type": "street",
        "person_id": 1842,
        "place": "נוה ימין",
        "approximate": false,
        "deal_id": 1902
      }
    },
    {
      "type": "Feature",
      "geometry": {
        "type": "Point",
        "coordinates": [
          35.0080054,
          32.8024989
        ]
      },
      "properties": {
        "name": "Project 0525",
        "project_number": 525,
        "address_type": "street",
        "person_id": 1843,
        "place": "דרך בר יהודה",
        "approximate": true,
        "deal_id": 1904
      }
    },
    {
      "type": "Feature",
      "geometry": {
        "type": "Point",
        "coordinates": [
          35.0983907,
          32.7560301
        ]
      },
      "properties": {
        "name": "Project 0526",
        "project_number": 526,
        "address_type": "street",
        "person_id": 1844,
        "place": "דרך בר יהודה",
        "approximate": false,
        "deal_id": 1906
      }
    },
    {
      "type": "Feature",
      "geometry": {
        "type": "Point",
        "coordinates": [
          34.9953224,
          32.805264
        ]
      },
      "properties": {
        "name": "Project 0527",
        "project_number": 527,
        "address_type": "city",
        "person_id": 1845,
        "place": "חיפה",
        "approximate": true,
        "deal_id": 1905
      }
    },
    {
      "type": "Feature",
      "geometry": {
        "type": "Point",
        "coordinates": [
          35.3035876,
          32.6586732
        ]
      },
      "properties": {
        "name": "Project 0528",
        "project_number": 528,
        "address_type": "city",
        "person_id": 1846,
        "place": "תל עדשים",
        "approximate": true,
        "deal_id": 1907
      }
    },
    {
      "type": "Feature",
      "geometry": {
        "type": "Point",
        "coordinates": [
          35.262856,
          32.9974724
        ]
      },
      "properties": {
        "name": "Project 0529",
        "project_number": 529,
        "address_type": "street",
        "person_id": 1847,
        "place": "כפר ורדים",
        "approximate": false,
        "deal_id": 1908
      }
    },
    {
      "type": "Feature",
      "geometry": {
        "type": "Point",
        "coordinates": [
          35.6815727,
          32.9995093
        ]
      },
      "properties": {
        "name": "Project 0530",
        "project_number": 530,
        "address_type": "city",
        "person_id": 1848,
        "place": "קצרין",
        "approximate": true,
        "deal_id": 1910
      }
    },
    {
      "type": "Feature",
      "geometry": {
        "type": "Point",
        "coordinates": [
          35.2769617,
          32.9280889
        ]
      },
      "properties": {
        "name": "Project 0531",
        "project_number": 531,
        "address_type": "city",
        "person_id": 1849,
        "place": "כרמיאל",
        "approximate": true,
        "deal_id": 1909
      }
    },
    {
      "type": "Feature",
      "geometry": {
        "type": "Point",
        "coordinates": [
          34.5784782,
          31.4530772
        ]
      },
      "properties": {
        "name": "Project 0532",
        "project_number": 532,
        "address_type": "city",
        "person_id": 1850,
        "place": "תקומה",
        "approximate": true,
        "deal_id": 1913
      }
    },
    {
      "type": "Feature",
      "geometry": {
        "type": "Point",
        "coordinates": [
          34.8055505,
          31.2505322
        ]
      },
      "properties": {
        "name": "Project 0533",
        "project_number": 533,
        "address_type": "city",
        "person_id": 1851,
        "place": "באר-שבע",
        "approximate": true,
        "deal_id": 1912
      }
    },
    {
      "type": "Feature",
      "geometry": {
        "type": "Point",
        "coordinates": [
          35.6764025,
          32.9923337
        ]
      },
      "properties": {
        "name": "Project 0534",
        "project_number": 534,
        "address_type": "city",
        "person_id": 1852,
        "place": "קצרין",
        "approximate": true,
        "deal_id": 1914
      }
    },
    {
      "type": "Feature",
      "geometry": {
        "type": "Point",
        "coordinates": [
          34.9908806,
          32.3228695
        ]
      },
      "properties": {
        "name": "Project 0535",
        "project_number": 535,
        "address_type": "city",
        "person_id": 1853,
        "place": "בארותיים",
        "approximate": true,
        "deal_id": 1916
      }
    },
    {
      "type": "Feature",
      "geometry": {
        "type": "Point",
        "coordinates": [
          35.442207,
          32.5568057
        ]
      },
      "properties": {
        "name": "Project 0536",
        "project_number": 536,
        "address_type": "city",
        "person_id": 1854,
        "place": "בית השיטה",
        "approximate": true,
        "deal_id": 1915
      }
    },
    {
      "type": "Feature",
      "geometry": {
        "type": "Point",
        "coordinates": [
          34.9000868,
          32.3197753
        ]
      },
      "properties": {
        "name": "Project 0537",
        "project_number": 537,
        "address_type": "street",
        "person_id": 1855,
        "place": "הנרקיסים",
        "approximate": true,
        "deal_id": 1918
      }
    },
    {
      "type": "Feature",
      "geometry": {
        "type": "Point",
        "coordinates": [
          35.2480949,
          32.8052889
        ]
      },
      "properties": {
        "name": "Project 0538",
        "project_number": 538,
        "address_type": "city",
        "person_id": 1856,
        "place": "מנדא",
        "approximate": true,
        "deal_id": 1917
      }
    },
    {
      "type": "Feature",
      "geometry": {
        "type": "Point",
        "coordinates": [
          35.1918154,
          32.864296
        ]
      },
      "properties": {
        "name": "Project 0539",
        "project_number": 539,
        "address_type": "city",
        "person_id": 1857,
        "place": "כאבול",
        "approximate": true,
        "deal_id": 1920
      }
    },
    {
      "type": "Feature",
      "geometry": {
        "type": "Point",
        "coordinates": [
          34.9174537,
          32.1769635
        ]
      },
      "properties": {
        "name": "Project 0540",
        "project_number": 540,
        "address_type": "city",
        "person_id": 1858,
        "place": "כפר סבא",
        "approximate": true,
        "deal_id": 1923
      }
    },
    {
      "type": "Feature",
      "geometry": {
        "type": "Point",
        "coordinates": [
          35.2782689,
          33.0251546
        ]
      },
      "properties": {
        "name": "Project 0541",
        "project_number": 541,
        "address_type": "city",
        "person_id": 1859,
        "place": "מעלות תרשיחא",
        "approximate": true,
        "deal_id": 1919
      }
    },
    {
      "type": "Feature",
      "geometry": {
        "type": "Point",
        "coordinates": [
          35.2895924,
          32.9217959
        ]
      },
      "properties": {
        "name": "Project 0542",
        "project_number": 542,
        "address_type": "city",
        "person_id": 1860,
        "place": "Bi'ina",
        "approximate": true,
        "deal_id": 1921
      }
    },
    {
      "type": "Feature",
      "geometry": {
        "type": "Point",
        "coordinates": [
          35.3727345,
          32.9173739
        ]
      },
      "properties": {
        "name": "Project 0543",
        "project_number": 543,
        "address_type": "city",
        "person_id": 1861,
        "place": "ראס אל עין",
        "approximate": true,
        "deal_id": 1922
      }
    },
    {
      "type": "Feature",
      "geometry": {
        "type": "Point",
        "coordinates": [
          35.3431593,
          33.0170773
        ]
      },
      "properties": {
        "name": "Project 0544",
        "project_number": 544,
        "address_type": "city",
        "person_id": 1862,
        "place": "Hurfeish",
        "approximate": true,
        "deal_id": 1928
      }
    },
    {
      "type": "Feature",
      "geometry": {
        "type": "Point",
        "coordinates": [
          35.3596374,
          32.5476675
        ]
      },
      "properties": {
        "name": "Project 0545",
        "project_number": 545,
        "address_type": "city",
        "person_id": 1863,
        "place": "גדעונה",
        "approximate": true,
        "deal_id": 1924
      }
    },
    {
      "type": "Feature",
      "geometry": {
        "type": "Point",
        "coordinates": [
          35.7525945,
          32.85316
        ]
      },
      "properties": {
        "name": "Project 0546",
        "project_number": 546,
        "address_type": "city",
        "person_id": 1864,
        "place": "נטור",
        "approximate": true,
        "deal_id": 1925
      }
    },
    {
      "type": "Feature",
      "geometry": {
        "type": "Point",
        "coordinates": [
          35.5688855,
          32.9880322
        ]
      },
      "properties": {
        "name": "Project 0547",
        "project_number": 547,
        "address_type": "city",
        "person_id": 1865,
        "place": "מחניים",
        "approximate": true,
        "deal_id": 1926
      }
    },
    {
      "type": "Feature",
      "geometry": {
        "type": "Point",
        "coordinates": [
          35.5699015,
          32.6986097
        ]
      },
      "properties": {
        "name": "Project 0548",
        "project_number": 548,
        "address_type": "street",
        "person_id": 1866,
        "place": "דגניה ב'",
        "approximate": true,
        "deal_id": 1927
      }
    },
    {
      "type": "Feature",
      "geometry": {
        "type": "Point",
        "coordinates": [
          34.9590726,
          32.4654288
        ]
      },
      "properties": {
        "name": "Project 0549",
        "project_number": 549,
        "address_type": "city",
        "person_id": 1867,
        "place": "פרדס חנה-כרכור",
        "approximate": true,
        "deal_id": 1929
      }
    },
    {
      "type": "Feature",
      "geometry": {
        "type": "Point",
        "coordinates": [
          35.2966668,
          32.9102237
        ]
      },
      "properties": {
        "name": "Project 0550",
        "project_number": 550,
        "address_type": "street",
        "person_id": 1868,
        "place": "כרמיאל",
        "approximate": false,
        "deal_id": 1930
      }
    },
    {
      "type": "Feature",
      "geometry": {
        "type": "Point",
        "coordinates": [
          35.1260996,
          31.9560011
        ]
      },
      "properties": {
        "name": "Project 0551",
        "project_number": 551,
        "address_type": "city",
        "person_id": 1869,
        "place": "נריה",
        "approximate": true,
        "deal_id": 1931
      }
    },
    {
      "type": "Feature",
      "geometry": {
        "type": "Point",
        "coordinates": [
          35.1046762,
          31.6944992
        ]
      },
      "properties": {
        "name": "Project 0552",
        "project_number": 552,
        "address_type": "city",
        "person_id": 1870,
        "place": "הדס",
        "approximate": true,
        "deal_id": 1932
      }
    },
    {
      "type": "Feature",
      "geometry": {
        "type": "Point",
        "coordinates": [
          35.0788556,
          32.716948
        ]
      },
      "properties": {
        "name": "Project 0553",
        "project_number": 553,
        "address_type": "city",
        "person_id": 1871,
        "place": "Isfiya",
        "approximate": true,
        "deal_id": 1934
      }
    },
    {
      "type": "Feature",
      "geometry": {
        "type": "Point",
        "coordinates": [
          35.3318667,
          33.01397
        ]
      },
      "properties": {
        "name": "Project 0554",
        "project_number": 554,
        "address_type": "city",
        "person_id": 1872,
        "place": "Hurfeish",
        "approximate": true,
        "deal_id": 1935
      }
    },
    {
      "type": "Feature",
      "geometry": {
        "type": "Point",
        "coordinates": [
          35.0659052,
          32.709373
        ]
      },
      "properties": {
        "name": "Project 0555",
        "project_number": 555,
        "address_type": "city",
        "person_id": 1873,
        "place": "Isfiya",
        "approximate": true,
        "deal_id": 1933
      }
    },
    {
      "type": "Feature",
      "geometry": {
        "type": "Point",
        "coordinates": [
          35.1258956,
          31.9536569
        ]
      },
      "properties": {
        "name": "Project 0556",
        "project_number": 556,
        "address_type": "city",
        "person_id": 1874,
        "place": "נריה",
        "approximate": true,
        "deal_id": 1937
      }
    },
    {
      "type": "Feature",
      "geometry": {
        "type": "Point",
        "coordinates": [
          35.2218501,
          32.79492
        ]
      },
      "properties": {
        "name": "Project 0557",
        "project_number": 557,
        "address_type": "city",
        "person_id": 1875,
        "place": "Bir al-Maksur",
        "approximate": true,
        "deal_id": 1939
      }
    },
    {
      "type": "Feature",
      "geometry": {
        "type": "Point",
        "coordinates": [
          35.3644065,
          33.0144003
        ]
      },
      "properties": {
        "name": "Project 0558",
        "project_number": 558,
        "address_type": "city",
        "person_id": 1876,
        "place": "חורפיש",
        "approximate": true,
        "deal_id": 1936
      }
    },
    {
      "type": "Feature",
      "geometry": {
        "type": "Point",
        "coordinates": [
          35.2962207,
          32.9050595
        ]
      },
      "properties": {
        "name": "Project 0559",
        "project_number": 559,
        "address_type": "street",
        "person_id": 1877,
        "place": "כרמיאל",
        "approximate": false,
        "deal_id": 1943
      }
    },
    {
      "type": "Feature",
      "geometry": {
        "type": "Point",
        "coordinates": [
          35.2328698,
          32.8238654
        ]
      },
      "properties": {
        "name": "Project 0560",
        "project_number": 560,
        "address_type": "city",
        "person_id": 1878,
        "place": "מורשת",
        "approximate": true,
        "deal_id": 1938
      }
    },
    {
      "type": "Feature",
      "geometry": {
        "type": "Point",
        "coordinates": [
          35.1081732,
          33.009762
        ]
      },
      "properties": {
        "name": "Project 0561",
        "project_number": 561,
        "address_type": "city",
        "person_id": 1879,
        "place": "נהריה",
        "approximate": true,
        "deal_id": 1940
      }
    },
    {
      "type": "Feature",
      "geometry": {
        "type": "Point",
        "coordinates": [
          35.2946584,
          32.9051845
        ]
      },
      "properties": {
        "name": "Project 0562",
        "project_number": 562,
        "address_type": "street",
        "person_id": 1880,
        "place": "כרמיאל",
        "approximate": false,
        "deal_id": 1941
      }
    },
    {
      "type": "Feature",
      "geometry": {
        "type": "Point",
        "coordinates": [
          34.9158817,
          32.2526739
        ]
      },
      "properties": {
        "name": "Project 0563",
        "project_number": 563,
        "address_type": "street",
        "person_id": 1881,
        "place": "תל מונד",
        "approximate": false,
        "deal_id": 1942
      }
    },
    {
      "type": "Feature",
      "geometry": {
        "type": "Point",
        "coordinates": [
          35.1882504,
          32.8622788
        ]
      },
      "properties": {
        "name": "Project 0564",
        "project_number": 564,
        "address_type": "city",
        "person_id": 1882,
        "place": "כאבול",
        "approximate": true,
        "deal_id": 1948
      }
    },
    {
      "type": "Feature",
      "geometry": {
        "type": "Point",
        "coordinates": [
          35.3018839,
          32.9662334
        ]
      },
      "properties": {
        "name": "Project 0565",
        "project_number": 565,
        "address_type": "city",
        "person_id": 1883,
        "place": "Kisra-Sumei",
        "approximate": true,
        "deal_id": 1946
      }
    },
    {
      "type": "Feature",
      "geometry": {
        "type": "Point",
        "coordinates": [
          35.2979122,
          32.9080876
        ]
      },
      "properties": {
        "name": "Project 0566",
        "project_number": 566,
        "address_type": "street",
        "person_id": 1884,
        "place": "כרמיאל",
        "approximate": false,
        "deal_id": 1944
      }
    },
    {
      "type": "Feature",
      "geometry": {
        "type": "Point",
        "coordinates": [
          35.6807643,
          32.8861222
        ]
      },
      "properties": {
        "name": "Project 0567",
        "project_number": 567,
        "address_type": "city",
        "person_id": 1885,
        "place": "מעלה גמלא",
        "approximate": true,
        "deal_id": 1945
      }
    },
    {
      "type": "Feature",
      "geometry": {
        "type": "Point",
        "coordinates": [
          35.1855596,
          32.9390194
        ]
      },
      "properties": {
        "name": "Project 0568",
        "project_number": 568,
        "address_type": "city",
        "person_id": 1886,
        "place": "גולס",
        "approximate": true,
        "deal_id": 1949
      }
    },
    {
      "type": "Feature",
      "geometry": {
        "type": "Point",
        "coordinates": [
          35.3356387,
          32.974703
        ]
      },
      "properties": {
        "name": "Project 0569",
        "project_number": 569,
        "address_type": "city",
        "person_id": 1887,
        "place": "Peki'in",
        "approximate": true,
        "deal_id": 1947
      }
    },
    {
      "type": "Feature",
      "geometry": {
        "type": "Point",
        "coordinates": [
          35.2312697,
          33.0091087
        ]
      },
      "properties": {
        "name": "Project 0570",
        "project_number": 570,
        "address_type": "city",
        "person_id": 1888,
        "place": "עין יעקב",
        "approximate": true,
        "deal_id": 1950
      }
    },
    {
      "type": "Feature",
      "geometry": {
        "type": "Point",
        "coordinates": [
          35.0782833,
          32.9258984
        ]
      },
      "properties": {
        "name": "Project 0571",
        "project_number": 571,
        "address_type": "street",
        "person_id": 1889,
        "place": "עכו",
        "approximate": false,
        "deal_id": 1951
      }
    },
    {
      "type": "Feature",
      "geometry": {
        "type": "Point",
        "coordinates": [
          35.1520875,
          33.0779086
        ]
      },
      "properties": {
        "name": "Project 0572",
        "project_number": 572,
        "address_type": "city",
        "person_id": 1890,
        "place": "חורשת האקליפטוס/שדרות יערית",
        "approximate": true,
        "deal_id": 1952
      }
    },
    {
      "type": "Feature",
      "geometry": {
        "type": "Point",
        "coordinates": [
          35.2717381,
          32.9352258
        ]
      },
      "properties": {
        "name": "Project 0573",
        "project_number": 573,
        "address_type": "city",
        "person_id": 1891,
        "place": "Deir al-Asad",
        "approximate": true,
        "deal_id": 1953
      }
    },
    {
      "type": "Feature",
      "geometry": {
        "type": "Point",
        "coordinates": [
          35.3223129,
          32.7043357
        ]
      },
      "properties": {
        "name": "Project 0574",
        "project_number": 574,
        "address_type": "street",
        "person_id": 1892,
        "place": "נוף הגליל",
        "approximate": false,
        "deal_id": 1954
      }
    },
    {
      "type": "Feature",
      "geometry": {
        "type": "Point",
        "coordinates": [
          35.215554,
          32.9640904
        ]
      },
      "properties": {
        "name": "Project 0575",
        "project_number": 575,
        "address_type": "city",
        "person_id": 1893,
        "place": "ירכא",
        "approximate": true,
        "deal_id": 1959
      }
    },
    {
      "type": "Feature",
      "geometry": {
        "type": "Point",
        "coordinates": [
          35.3778378,
          32.9650303
        ]
      },
      "properties": {
        "name": "Project 0576",
        "project_number": 576,
        "address_type": "city",
        "person_id": 1894,
        "place": "Beit Jann",
        "approximate": true,
        "deal_id": 1964
      }
    },
    {
      "type": "Feature",
      "geometry": {
        "type": "Point",
        "coordinates": [
          35.1802374,
          32.798651
        ]
      },
      "properties": {
        "name": "Project 0577",
        "project_number": 577,
        "address_type": "city",
        "person_id": 1895,
        "place": "ברקת",
        "approximate": true,
        "deal_id": 1956
      }
    },
    {
      "type": "Feature",
      "geometry": {
        "type": "Point",
        "coordinates": [
          35.4338585,
          32.9428617
        ]
      },
      "properties": {
        "name": "Project 0578",
        "project_number": 578,
        "address_type": "city",
        "person_id": 1896,
        "place": "שפר",
        "approximate": true,
        "deal_id": 1955
      }
    },
    {
      "type": "Feature",
      "geometry": {
        "type": "Point",
        "coordinates": [
          35.0348749,
          32.6881517
        ]
      },
      "properties": {
        "name": "Project 0579",
        "project_number": 579,
        "address_type": "city",
        "person_id": 1897,
        "place": "Daliyat al-Karmel",
        "approximate": true,
        "deal_id": 1958
      }
    },
    {
      "type": "Feature",
      "geometry": {
        "type": "Point",
        "coordinates": [
          35.5743908,
          33.2140411
        ]
      },
      "properties": {
        "name": "Project 0580",
        "project_number": 580,
        "address_type": "city",
        "person_id": 1898,
        "place": "קרית שמונה",
        "approximate": true,
        "deal_id": 1961
      }
    },
    {
      "type": "Feature",
      "geometry": {
        "type": "Point",
        "coordinates": [
          35.2475687,
          32.9021515
        ]
      },
      "properties": {
        "name": "Project 0581",
        "project_number": 581,
        "address_type": "city",
        "person_id": 1899,
        "place": "צורית",
        "approximate": true,
        "deal_id": 1957
      }
    },
    {
      "type": "Feature",
      "geometry": {
        "type": "Point",
        "coordinates": [
          34.5494417,
          31.4524079
        ]
      },
      "properties": {
        "name": "Project 0582",
        "project_number": 582,
        "address_type": "city",
        "person_id": 1900,
        "place": "שובה",
        "approximate": true,
        "deal_id": 1962
      }
    },
    {
      "type": "Feature",
      "geometry": {
        "type": "Point",
        "coordinates": [
          35.4934551,
          32.9703701
        ]
      },
      "properties": {
        "name": "Project 0583",
        "project_number": 583,
        "address_type": "city",
        "person_id": 1901,
        "place": "נוף כנרת",
        "approximate": true,
        "deal_id": 1960
      }
    },
    {
      "type": "Feature",
      "geometry": {
        "type": "Point",
        "coordinates": [
          34.9013772,
          32.0939479
        ]
      },
      "properties": {
        "name": "Project 0584",
        "project_number": 584,
        "address_type": "city",
        "person_id": 1902,
        "place": "פתח תקווה",
        "approximate": true,
        "deal_id": 1966
      }
    },
    {
      "type": "Feature",
      "geometry": {
        "type": "Point",
        "coordinates": [
          35.0002563,
          32.2288854
        ]
      },
      "properties": {
        "name": "Project 0585",
        "project_number": 585,
        "address_type": "city",
        "person_id": 1903,
        "place": "כוכב יאיר צור יגאל",
        "approximate": true,
        "deal_id": 1967
      }
    },
    {
      "type": "Feature",
      "geometry": {
        "type": "Point",
        "coordinates": [
          35.4963564,
          32.9662286
        ]
      },
      "properties": {
        "name": "Project 0586",
        "project_number": 586,
        "address_type": "city",
        "person_id": 1904,
        "place": "רמת רזים",
        "approximate": true,
        "deal_id": 1971
      }
    },
    {
      "type": "Feature",
      "geometry": {
        "type": "Point",
        "coordinates": [
          35.09142,
          33.0164057
        ]
      },
      "properties": {
        "name": "Project 0587",
        "project_number": 587,
        "address_type": "city",
        "person_id": 1905,
        "place": "נהריה",
        "approximate": true,
        "deal_id": 1965
      }
    },
    {
      "type": "Feature",
      "geometry": {
        "type": "Point",
        "coordinates": [
          35.3284328,
          33.0354387
        ]
      },
      "properties": {
        "name": "Project 0588",
        "project_number": 588,
        "address_type": "city",
        "person_id": 1906,
        "place": "אלקוש",
        "approximate": true,
        "deal_id": 1969
      }
    },
    {
      "type": "Feature",
      "geometry": {
        "type": "Point",
        "coordinates": [
          35.3286029,
          33.0343686
        ]
      },
      "properties": {
        "name": "Project 0589",
        "project_number": 589,
        "address_type": "city",
        "person_id": 1907,
        "place": "אלקוש",
        "approximate": true,
        "deal_id": 1968
      }
    },
    {
      "type": "Feature",
      "geometry": {
        "type": "Point",
        "coordinates": [
          35.3655296,
          32.8953295
        ]
      },
      "properties": {
        "name": "Project 0590",
        "project_number": 590,
        "address_type": "city",
        "person_id": 1908,
        "place": "סלמה",
        "approximate": true,
        "deal_id": 1970
      }
    },
    {
      "type": "Feature",
      "geometry": {
        "type": "Point",
        "coordinates": [
          35.4410211,
          32.0179087
        ]
      },
      "properties": {
        "name": "Project 0591",
        "project_number": 591,
        "address_type": "city",
        "person_id": 1909,
        "place": "תומר",
        "approximate": true,
        "deal_id": 1972
      }
    },
    {
      "type": "Feature",
      "geometry": {
        "type": "Point",
        "coordinates": [
          34.7362883,
          31.8257352
        ]
      },
      "properties": {
        "name": "Project 0592",
        "project_number": 592,
        "address_type": "city",
        "person_id": 1910,
        "place": "שדמה",
        "approximate": true,
        "deal_id": 1973
      }
    },
    {
      "type": "Feature",
      "geometry": {
        "type": "Point",
        "coordinates": [
          35.2825968,
          32.5993976
        ]
      },
      "properties": {
        "name": "Project 0593",
        "project_number": 593,
        "address_type": "city",
        "person_id": 1911,
        "place": "עפולה",
        "approximate": true,
        "deal_id": 1974
      }
    },
    {
      "type": "Feature",
      "geometry": {
        "type": "Point",
        "coordinates": [
          35.4779325,
          31.8093127
        ]
      },
      "properties": {
        "name": "Project 0594",
        "project_number": 594,
        "address_type": "city",
        "person_id": 1912,
        "place": "בית הערבה",
        "approximate": true,
        "deal_id": 1976
      }
    },
    {
      "type": "Feature",
      "geometry": {
        "type": "Point",
        "coordinates": [
          35.0815462,
          32.8344544
        ]
      },
      "properties": {
        "name": "Project 0595",
        "project_number": 595,
        "address_type": "city",
        "person_id": 1913,
        "place": "קרית ביאליק",
        "approximate": true,
        "deal_id": 1978
      }
    },
    {
      "type": "Feature",
      "geometry": {
        "type": "Point",
        "coordinates": [
          35.0486809,
          32.6944177
        ]
      },
      "properties": {
        "name": "Project 0596",
        "project_number": 596,
        "address_type": "city",
        "person_id": 1914,
        "place": "Daliyat al-Karmel",
        "approximate": true,
        "deal_id": 1975
      }
    },
    {
      "type": "Feature",
      "geometry": {
        "type": "Point",
        "coordinates": [
          35.1756598,
          32.9624547
        ]
      },
      "properties": {
        "name": "Project 0597",
        "project_number": 597,
        "address_type": "city",
        "person_id": 1915,
        "place": "Abu Snan",
        "approximate": true,
        "deal_id": 1977
      }
    },
    {
      "type": "Feature",
      "geometry": {
        "type": "Point",
        "coordinates": [
          35.2914332,
          32.9966279
        ]
      },
      "properties": {
        "name": "Project 0598",
        "project_number": 598,
        "address_type": "city",
        "person_id": 1916,
        "place": "חוסן",
        "approximate": true,
        "deal_id": 1980
      }
    },
    {
      "type": "Feature",
      "geometry": {
        "type": "Point",
        "coordinates": [
          35.1093139,
          33.0384724
        ]
      },
      "properties": {
        "name": "Project 0599",
        "project_number": 599,
        "address_type": "city",
        "person_id": 1917,
        "place": "גשר הזיו",
        "approximate": true,
        "deal_id": 1979
      }
    },
    {
      "type": "Feature",
      "geometry": {
        "type": "Point",
        "coordinates": [
          34.7819989,
          32.0675441
        ]
      },
      "properties": {
        "name": "Project 0600",
        "project_number": 600,
        "address_type": "street",
        "person_id": 1918,
        "place": "תל־אביב–יפו",
        "approximate": false,
        "deal_id": 1981
      }
    },
    {
      "type": "Feature",
      "geometry": {
        "type": "Point",
        "coordinates": [
          34.9153039,
          32.5587537
        ]
      },
      "properties": {
        "name": "Project 0601",
        "project_number": 601,
        "address_type": "city",
        "person_id": 1919,
        "place": "קיסריה",
        "approximate": true,
        "deal_id": 1983
      }
    },
    {
      "type": "Feature",
      "geometry": {
        "type": "Point",
        "coordinates": [
          35.2773053,
          33.0231372
        ]
      },
      "properties": {
        "name": "Project 0602",
        "project_number": 602,
        "address_type": "street",
        "person_id": 1920,
        "place": "מעלות תרשיחא",
        "approximate": true,
        "deal_id": 1985
      }
    },
    {
      "type": "Feature",
      "geometry": {
        "type": "Point",
        "coordinates": [
          35.2989576,
          32.9115029
        ]
      },
      "properties": {
        "name": "Project 0603",
        "project_number": 603,
        "address_type": "street",
        "person_id": 1921,
        "place": "כרמיאל",
        "approximate": false,
        "deal_id": 1988
      }
    },
    {
      "type": "Feature",
      "geometry": {
        "type": "Point",
        "coordinates": [
          34.9184182,
          32.435781
        ]
      },
      "properties": {
        "name": "Project 0604",
        "project_number": 604,
        "address_type": "street",
        "person_id": 1922,
        "place": "חדרה",
        "approximate": false,
        "deal_id": 1982
      }
    },
    {
      "type": "Feature",
      "geometry": {
        "type": "Point",
        "coordinates": [
          35.4927944,
          32.9705822
        ]
      },
      "properties": {
        "name": "Project 0605",
        "project_number": 605,
        "address_type": "city",
        "person_id": 1923,
        "place": "צפת",
        "approximate": true,
        "deal_id": 1984
      }
    },
    {
      "type": "Feature",
      "geometry": {
        "type": "Point",
        "coordinates": [
          35.0958965,
          33.0039796
        ]
      },
      "properties": {
        "name": "Project 0606",
        "project_number": 606,
        "address_type": "street",
        "person_id": 1924,
        "place": "נהריה",
        "approximate": false,
        "deal_id": 1989
      }
    },
    {
      "type": "Feature",
      "geometry": {
        "type": "Point",
        "coordinates": [
          35.4070536,
          32.8868389
        ]
      },
      "properties": {
        "name": "Project 0607",
        "project_number": 607,
        "address_type": "city",
        "person_id": 1925,
        "place": "גבעות מרר",
        "approximate": true,
        "deal_id": 1987
      }
    },
    {
      "type": "Feature",
      "geometry": {
        "type": "Point",
        "coordinates": [
          35.3546585,
          33.0386701
        ]
      },
      "properties": {
        "name": "Project 0608",
        "project_number": 608,
        "address_type": "city",
        "person_id": 1926,
        "place": "הר מתת",
        "approximate": true,
        "deal_id": 1986
      }
    },
    {
      "type": "Feature",
      "geometry": {
        "type": "Point",
        "coordinates": [
          35.2833987,
          33.0159218
        ]
      },
      "properties": {
        "name": "Project 0609",
        "project_number": 609,
        "address_type": "street",
        "person_id": 1927,
        "place": "מעלות תרשיחא",
        "approximate": false,
        "deal_id": 1990
      }
    },
    {
      "type": "Feature",
      "geometry": {
        "type": "Point",
        "coordinates": [
          35.2678454,
          33.0073926
        ]
      },
      "properties": {
        "name": "Project 0610",
        "project_number": 610,
        "address_type": "city",
        "person_id": 1928,
        "place": "מרווה",
        "approximate": true,
        "deal_id": 1991
      }
    },
    {
      "type": "Feature",
      "geometry": {
        "type": "Point",
        "coordinates": [
          35.4106892,
          33.0536958
        ]
      },
      "properties": {
        "name": "Project 0611",
        "project_number": 611,
        "address_type": "city",
        "person_id": 1929,
        "place": "דוב״ב",
        "approximate": true,
        "deal_id": 1992
      }
    },
    {
      "type": "Feature",
      "geometry": {
        "type": "Point",
        "coordinates": [
          35.2958751,
          32.90934
        ]
      },
      "properties": {
        "name": "Project 0612",
        "project_number": 612,
        "address_type": "street",
        "person_id": 1930,
        "place": "כרמיאל",
        "approximate": false,
        "deal_id": 1994
      }
    },
    {
      "type": "Feature",
      "geometry": {
        "type": "Point",
        "coordinates": [
          35.5120927,
          32.9707774
        ]
      },
      "properties": {
        "name": "Project 0613",
        "project_number": 613,
        "address_type": "city",
        "person_id": 1931,
        "place": "צפת",
        "approximate": true,
        "deal_id": 1995
      }
    },
    {
      "type": "Feature",
      "geometry": {
        "type": "Point",
        "coordinates": [
          34.874986,
          32.3830075
        ]
      },
      "properties": {
        "name": "Project 0614",
        "project_number": 614,
        "address_type": "street",
        "person_id": 1932,
        "place": "כפר ויתקין",
        "approximate": true,
        "deal_id": 1993
      }
    },
    {
      "type": "Feature",
      "geometry": {
        "type": "Point",
        "coordinates": [
          35.287663,
          33.0140317
        ]
      },
      "properties": {
        "name": "Project 0618",
        "project_number": 618,
        "address_type": "city",
        "person_id": 1952,
        "place": "מעלות תרשיחא",
        "approximate": true,
        "deal_id": 2113
      }
    },
    {
      "type": "Feature",
      "geometry": {
        "type": "Point",
        "coordinates": [
          35.3613656,
          32.9084143
        ]
      },
      "properties": {
        "name": "Project 0619",
        "project_number": 619,
        "address_type": "city",
        "person_id": 1959,
        "place": "כמון",
        "approximate": true,
        "deal_id": 2120
      }
    },
    {
      "type": "Feature",
      "geometry": {
        "type": "Point",
        "coordinates": [
          35.0980597,
          33.0081797
        ]
      },
      "properties": {
        "name": "Project 0620",
        "project_number": 620,
        "address_type": "street",
        "person_id": 1962,
        "place": "נהריה",
        "approximate": false,
        "deal_id": 2125
      }
    },
    {
      "type": "Feature",
      "geometry": {
        "type": "Point",
        "coordinates": [
          35.5750583,
          33.201148
        ]
      },
      "properties": {
        "name": "Project 0621",
        "project_number": 621,
        "address_type": "city",
        "person_id": 1963,
        "place": "קרית שמונה",
        "approximate": true,
        "deal_id": 2126
      }
    },
    {
      "type": "Feature",
      "geometry": {
        "type": "Point",
        "coordinates": [
          35.4632934,
          32.7247435
        ]
      },
      "properties": {
        "name": "Project 0622",
        "project_number": 622,
        "address_type": "city",
        "person_id": 1964,
        "place": "שרונה",
        "approximate": true,
        "deal_id": 2127
      }
    },
    {
      "type": "Feature",
      "geometry": {
        "type": "Point",
        "coordinates": [
          35.5237015,
          32.7905222
        ]
      },
      "properties": {
        "name": "Project 0624",
        "project_number": 624,
        "address_type": "city",
        "person_id": 1968,
        "place": "טבריה",
        "approximate": true,
        "deal_id": 2130
      }
    },
    {
      "type": "Feature",
      "geometry": {
        "type": "Point",
        "coordinates": [
          35.0927771,
          32.921579
        ]
      },
      "properties": {
        "name": "Project 0625",
        "project_number": 625,
        "address_type": "city",
        "person_id": 1969,
        "place": "עכו",
        "approximate": true,
        "deal_id": 2131
      }
    },
    {
      "type": "Feature",
      "geometry": {
        "type": "Point",
        "coordinates": [
          35.2724384,
          32.9918136
        ]
      },
      "properties": {
        "name": "Project 0626",
        "project_number": 626,
        "address_type": "street",
        "person_id": 1970,
        "place": "ינוח",
        "approximate": true,
        "deal_id": 2132
      }
    },
    {
      "type": "Feature",
      "geometry": {
        "type": "Point",
        "coordinates": [
          35.2447541,
          33.0386229
        ]
      },
      "properties": {
        "name": "Project 0628",
        "project_number": 628,
        "address_type": "city",
        "person_id": 1972,
        "place": "מצפה הילה",
        "approximate": true,
        "deal_id": 2135
      }
    },
    {
      "type": "Feature",
      "geometry": {
        "type": "Point",
        "coordinates": [
          35.2939946,
          32.8717587
        ]
      },
      "properties": {
        "name": "Project 0629",
        "project_number": 629,
        "address_type": "city",
        "person_id": 1973,
        "place": "מנוף",
        "approximate": true,
        "deal_id": 2136
      }
    },
    {
      "type": "Feature",
      "geometry": {
        "type": "Point",
        "coordinates": [
          35.2851623,
          33.0817046
        ]
      },
      "properties": {
        "name": "Project 0630",
        "project_number": 630,
        "address_type": "city",
        "person_id": 1974,
        "place": "שומרה",
        "approximate": true,
        "deal_id": 2137
      }
    },
    {
      "type": "Feature",
      "geometry": {
        "type": "Point",
        "coordinates": [
          34.7740837,
          31.9769434
        ]
      },
      "properties": {
        "name": "Project 0631",
        "project_number": 631,
        "address_type": "street",
        "person_id": 1975,
        "place": "ראשון לציון",
        "approximate": false,
        "deal_id": 2138
      }
    },
    {
      "type": "Feature",
      "geometry": {
        "type": "Point",
        "coordinates": [
          35.622058,
          33.2214857
        ]
      },
      "properties": {
        "name": "Project 0632",
        "project_number": 632,
        "address_type": "city",
        "person_id": 1976,
        "place": "הגושרים",
        "approximate": true,
        "deal_id": 2139
      }
    },
    {
      "type": "Feature",
      "geometry": {
        "type": "Point",
        "coordinates": [
          35.4675049,
          32.7271561
        ]
      },
      "properties": {
        "name": "Project 0633",
        "project_number": 633,
        "address_type": "city",
        "person_id": 1977,
        "place": "שרונה",
        "approximate": true,
        "deal_id": 2140
      }
    },
    {
      "type": "Feature",
      "geometry": {
        "type": "Point",
        "coordinates": [
          34.8777089,
          32.0609113
        ]
      },
      "properties": {
        "name": "Project 0634",
        "project_number": 634,
        "address_type": "street",
        "person_id": 1978,
        "place": "גני תקווה",
        "approximate": false,
        "deal_id": 2141
      }
    },
    {
      "type": "Feature",
      "geometry": {
        "type": "Point",
        "coordinates": [
          35.2447251,
          31.64489
        ]
      },
      "properties": {
        "name": "Project 0635",
        "project_number": 635,
        "address_type": "city",
        "person_id": 1979,
        "place": "נוקדים",
        "approximate": true,
        "deal_id": 2142
      }
    },
    {
      "type": "Feature",
      "geometry": {
        "type": "Point",
        "coordinates": [
          35.2897311,
          32.9186229
        ]
      },
      "properties": {
        "name": "Project 0636",
        "project_number": 636,
        "address_type": "city",
        "person_id": 1980,
        "place": "כרמיאל",
        "approximate": true,
        "deal_id": 2143
      }
    },
    {
      "type": "Feature",
      "geometry": {
        "type": "Point",
        "coordinates": [
          35.1797085,
          32.8077664
        ]
      },
      "properties": {
        "name": "Project 0637",
        "project_number": 637,
        "address_type": "city",
        "person_id": 1981,
        "place": "Shefa-Amr",
        "approximate": true,
        "deal_id": 2144
      }
    },
    {
      "type": "Feature",
      "geometry": {
        "type": "Point",
        "coordinates": [
          34.9503502,
          32.6926029
        ]
      },
      "properties": {
        "name": "Project 0638",
        "project_number": 638,
        "address_type": "city",
        "person_id": 1982,
        "place": "עתלית",
        "approximate": true,
        "deal_id": 2145
      }
    },
    {
      "type": "Feature",
      "geometry": {
        "type": "Point",
        "coordinates": [
          35.3862886,
          32.9525523
        ]
      },
      "properties": {
        "name": "Project 0639",
        "project_number": 639,
        "address_type": "city",
        "person_id": 1983,
        "place": "Beit Jann",
        "approximate": true,
        "deal_id": 2146
      }
    },
    {
      "type": "Feature",
      "geometry": {
        "type": "Point",
        "coordinates": [
          35.5265531,
          32.99773
        ]
      },
      "properties": {
        "name": "Project 0640",
        "project_number": 640,
        "address_type": "street",
        "person_id": 1984,
        "place": "עמוקה",
        "approximate": true,
        "deal_id": 2147
      }
    },
    {
      "type": "Feature",
      "geometry": {
        "type": "Point",
        "coordinates": [
          34.8838104,
          32.0861486
        ]
      },
      "properties": {
        "name": "Project 0641",
        "project_number": 641,
        "address_type": "street",
        "person_id": 1985,
        "place": "פתח תקווה",
        "approximate": false,
        "deal_id": 2148
      }
    },
    {
      "type": "Feature",
      "geometry": {
        "type": "Point",
        "coordinates": [
          35.2104753,
          32.8684869
        ]
      },
      "properties": {
        "name": "Project 0642",
        "project_number": 642,
        "address_type": "city",
        "person_id": 1986,
        "place": "טמרה",
        "approximate": true,
        "deal_id": 2149
      }
    },
    {
      "type": "Feature",
      "geometry": {
        "type": "Point",
        "coordinates": [
          34.8480957,
          32.0315828
        ]
      },
      "properties": {
        "name": "Project 0643",
        "project_number": 643,
        "address_type": "city",
        "person_id": 1987,
        "place": "אור יהודה",
        "approximate": true,
        "deal_id": 2151
      }
    },
    {
      "type": "Feature",
      "geometry": {
        "type": "Point",
        "coordinates": [
          35.2643288,
          32.9967036
        ]
      },
      "properties": {
        "name": "Project 0644",
        "project_number": 644,
        "address_type": "street",
        "person_id": 1988,
        "place": "כפר ורדים",
        "approximate": false,
        "deal_id": 2152
      }
    },
    {
      "type": "Feature",
      "geometry": {
        "type": "Point",
        "coordinates": [
          35.5888816,
          32.9654007
        ]
      },
      "properties": {
        "name": "Project 0645",
        "project_number": 645,
        "address_type": "city",
        "person_id": 1989,
        "place": "Tuba-Zangariyye",
        "approximate": true,
        "deal_id": 2153
      }
    },
    {
      "type": "Feature",
      "geometry": {
        "type": "Point",
        "coordinates": [
          35.2372263,
          32.9014641
        ]
      },
      "properties": {
        "name": "Project 0646",
        "project_number": 646,
        "address_type": "city",
        "person_id": 1990,
        "place": "גילון",
        "approximate": true,
        "deal_id": 2154
      }
    },
    {
      "type": "Feature",
      "geometry": {
        "type": "Point",
        "coordinates": [
          35.2628079,
          33.0131542
        ]
      },
      "properties": {
        "name": "Project 0647",
        "project_number": 647,
        "address_type": "city",
        "person_id": 1991,
        "place": "מעונה",
        "approximate": true,
        "deal_id": 2155
      }
    },
    {
      "type": "Feature",
      "geometry": {
        "type": "Point",
        "coordinates": [
          35.5060414,
          32.9599559
        ]
      },
      "properties": {
        "name": "Project 0648",
        "project_number": 648,
        "address_type": "city",
        "person_id": 1992,
        "place": "צפת",
        "approximate": true,
        "deal_id": 2156
      }
    },
    {
      "type": "Feature",
      "geometry": {
        "type": "Point",
        "coordinates": [
          35.6096962,
          33.0597903
        ]
      },
      "properties": {
        "name": "Project 0649",
        "project_number": 649,
        "address_type": "city",
        "person_id": 1993,
        "place": "התאנה",
        "approximate": true,
        "deal_id": 2157
      }
    },
    {
      "type": "Feature",
      "geometry": {
        "type": "Point",
        "coordinates": [
          35.407404,
          32.8923325
        ]
      },
      "properties": {
        "name": "Project 0650",
        "project_number": 650,
        "address_type": "city",
        "person_id": 1994,
        "place": "Maghar",
        "approximate": true,
        "deal_id": 2158
      }
    },
    {
      "type": "Feature",
      "geometry": {
        "type": "Point",
        "coordinates": [
          35.1867074,
          32.9390436
        ]
      },
      "properties": {
        "name": "Project 0651",
        "project_number": 651,
        "address_type": "city",
        "person_id": 1995,
        "place": "ג'וליס",
        "approximate": true,
        "deal_id": 2162
      }
    },
    {
      "type": "Feature",
      "geometry": {
        "type": "Point",
        "coordinates": [
          35.298825,
          32.6995497
        ]
      },
      "properties": {
        "name": "Project 0652",
        "project_number": 652,
        "address_type": "city",
        "person_id": 1996,
        "place": "נצרת",
        "approximate": true,
        "deal_id": 2160
      }
    },
    {
      "type": "Feature",
      "geometry": {
        "type": "Point",
        "coordinates": [
          35.1986086,
          32.9521219
        ]
      },
      "properties": {
        "name": "Project 0653",
        "project_number": 653,
        "address_type": "city",
        "person_id": 1997,
        "place": "Yarka",
        "approximate": true,
        "deal_id": 2161
      }
    },
    {
      "type": "Feature",
      "geometry": {
        "type": "Point",
        "coordinates": [
          35.3107874,
          32.687737
        ]
      },
      "properties": {
        "name": "Project 0654",
        "project_number": 654,
        "address_type": "city",
        "person_id": 1998,
        "place": "איכסל",
        "approximate": true,
        "deal_id": 2163
      }
    },
    {
      "type": "Feature",
      "geometry": {
        "type": "Point",
        "coordinates": [
          35.0183004,
          32.177394
        ]
      },
      "properties": {
        "name": "Project 0655",
        "project_number": 655,
        "address_type": "city",
        "person_id": 1999,
        "place": "שניר",
        "approximate": true,
        "deal_id": 2164
      }
    },
    {
      "type": "Feature",
      "geometry": {
        "type": "Point",
        "coordinates": [
          35.3320698,
          33.0149082
        ]
      },
      "properties": {
        "name": "Project 0656",
        "project_number": 656,
        "address_type": "city",
        "person_id": 2000,
        "place": "Hurfeish",
        "approximate": true,
        "deal_id": 2165
      }
    },
    {
      "type": "Feature",
      "geometry": {
        "type": "Point",
        "coordinates": [
          34.886175,
          31.9584693
        ]
      },
      "properties": {
        "name": "Project 0657",
        "project_number": 657,
        "address_type": "street",
        "person_id": 2001,
        "place": "לוד",
        "approximate": false,
        "deal_id": 2167
      }
    },
    {
      "type": "Feature",
      "geometry": {
        "type": "Point",
        "coordinates": [
          35.4092609,
          32.8910454
        ]
      },
      "properties": {
        "name": "Project 0658",
        "project_number": 658,
        "address_type": "city",
        "person_id": 2002,
        "place": "Maghar",
        "approximate": true,
        "deal_id": 2168
      }
    },
    {
      "type": "Feature",
      "geometry": {
        "type": "Point",
        "coordinates": [
          35.098397,
          31.3408899
        ]
      },
      "properties": {
        "name": "Project 0659",
        "project_number": 659,
        "address_type": "city",
        "person_id": 2003,
        "place": "הר עמשא",
        "approximate": true,
        "deal_id": 2169
      }
    },
    {
      "type": "Feature",
      "geometry": {
        "type": "Point",
        "coordinates": [
          34.8628926,
          31.2562613
        ]
      },
      "properties": {
        "name": "Project 0660",
        "project_number": 660,
        "address_type": "city",
        "person_id": 2004,
        "place": "תל שבע",
        "approximate": true,
        "deal_id": 2170
      }
    },
    {
      "type": "Feature",
      "geometry": {
        "type": "Point",
        "coordinates": [
          34.7596457,
          32.0462371
        ]
      },
      "properties": {
        "name": "Project 0661",
        "project_number": 661,
        "address_type": "city",
        "person_id": 2005,
        "place": "עולש",
        "approximate": true,
        "deal_id": 2173
      }
    },
    {
      "type": "Feature",
      "geometry": {
        "type": "Point",
        "coordinates": [
          35.1653342,
          32.5579031
        ]
      },
      "properties": {
        "name": "Project 0662",
        "project_number": 662,
        "address_type": "city",
        "person_id": 2006,
        "place": "Ma'ale Iron",
        "approximate": true,
        "deal_id": 2171
      }
    },
    {
      "type": "Feature",
      "geometry": {
        "type": "Point",
        "coordinates": [
          35.1406956,
          32.9336206
        ]
      },
      "properties": {
        "name": "Project 0663",
        "project_number": 663,
        "address_type": "city",
        "person_id": 2007,
        "place": "Jadeidi-Makr",
        "approximate": true,
        "deal_id": 2172
      }
    },
    {
      "type": "Feature",
      "geometry": {
        "type": "Point",
        "coordinates": [
          35.1811184,
          32.9405974
        ]
      },
      "properties": {
        "name": "Project 0664",
        "project_number": 664,
        "address_type": "city",
        "person_id": 2008,
        "place": "ג'וליס",
        "approximate": true,
        "deal_id": 2174
      }
    },
    {
      "type": "Feature",
      "geometry": {
        "type": "Point",
        "coordinates": [
          35.1860797,
          32.9409823
        ]
      },
      "properties": {
        "name": "Project 0665",
        "project_number": 665,
        "address_type": "city",
        "person_id": 2009,
        "place": "ג'וליס",
        "approximate": true,
        "deal_id": 2175
      }
    },
    {
      "type": "Feature",
      "geometry": {
        "type": "Point",
        "coordinates": [
          35.3694839,
          32.6895973
        ]
      },
      "properties": {
        "name": "Project 0666",
        "project_number": 666,
        "address_type": "city",
        "person_id": 2010,
        "place": "Daburiyya",
        "approximate": true,
        "deal_id": 2176
      }
    },
    {
      "type": "Feature",
      "geometry": {
        "type": "Point",
        "coordinates": [
          35.1194622,
          32.6500369
        ]
      },
      "properties": {
        "name": "Project 0667",
        "project_number": 667,
        "address_type": "city",
        "person_id": 2011,
        "place": "יוקנעם המושבה",
        "approximate": true,
        "deal_id": 2177
      }
    },
    {
      "type": "Feature",
      "geometry": {
        "type": "Point",
        "coordinates": [
          35.1872739,
          32.9477789
        ]
      },
      "properties": {
        "name": "Project 0668",
        "project_number": 668,
        "address_type": "city",
        "person_id": 2012,
        "place": "ג'וליס",
        "approximate": true,
        "deal_id": 2178
      }
    },
    {
      "type": "Feature",
      "geometry": {
        "type": "Point",
        "coordinates": [
          35.3360142,
          33.0134264
        ]
      },
      "properties": {
        "name": "Project 0669",
        "project_number": 669,
        "address_type": "city",
        "person_id": 2013,
        "place": "Hurfeish",
        "approximate": true,
        "deal_id": 2179
      }
    },
    {
      "type": "Feature",
      "geometry": {
        "type": "Point",
        "coordinates": [
          35.2140904,
          32.9550488
        ]
      },
      "properties": {
        "name": "Project 0670",
        "project_number": 670,
        "address_type": "city",
        "person_id": 2014,
        "place": "ירכא",
        "approximate": true,
        "deal_id": 2181
      }
    },
    {
      "type": "Feature",
      "geometry": {
        "type": "Point",
        "coordinates": [
          35.3067801,
          33.0463037
        ]
      },
      "properties": {
        "name": "Project 0671",
        "project_number": 671,
        "address_type": "city",
        "person_id": 2015,
        "place": "Fassuta",
        "approximate": true,
        "deal_id": 2182
      }
    },
    {
      "type": "Feature",
      "geometry": {
        "type": "Point",
        "coordinates": [
          35.2289316,
          33.0088303
        ]
      },
      "properties": {
        "name": "Project 0672",
        "project_number": 672,
        "address_type": "city",
        "person_id": 2016,
        "place": "עין יעקב",
        "approximate": true,
        "deal_id": 2180
      }
    },
    {
      "type": "Feature",
      "geometry": {
        "type": "Point",
        "coordinates": [
          35.0023856,
          31.9139773
        ]
      },
      "properties": {
        "name": "Project 0673",
        "project_number": 673,
        "address_type": "street",
        "person_id": 2017,
        "place": "מודיעין-מכבים-רעות",
        "approximate": true,
        "deal_id": 2183
      }
    },
    {
      "type": "Feature",
      "geometry": {
        "type": "Point",
        "coordinates": [
          35.0514649,
          32.6905944
        ]
      },
      "properties": {
        "name": "Project 0674",
        "project_number": 674,
        "address_type": "city",
        "person_id": 2018,
        "place": "Daliyat al-Karmel",
        "approximate": true,
        "deal_id": 2184
      }
    },
    {
      "type": "Feature",
      "geometry": {
        "type": "Point",
        "coordinates": [
          34.9081782,
          32.1382653
        ]
      },
      "properties": {
        "name": "Project 0675",
        "project_number": 675,
        "address_type": "street",
        "person_id": 2019,
        "place": "עדנים",
        "approximate": true,
        "deal_id": 2185
      }
    },
    {
      "type": "Feature",
      "geometry": {
        "type": "Point",
        "coordinates": [
          35.3745232,
          32.7739381
        ]
      },
      "properties": {
        "name": "Project 0676",
        "project_number": 676,
        "address_type": "city",
        "person_id": 2020,
        "place": "Tur'an",
        "approximate": true,
        "deal_id": 2186
      }
    },
    {
      "type": "Feature",
      "geometry": {
        "type": "Point",
        "coordinates": [
          35.3084962,
          32.7170131
        ]
      },
      "properties": {
        "name": "Project 0677",
        "project_number": 677,
        "address_type": "city",
        "person_id": 2021,
        "place": "נצרת",
        "approximate": true,
        "deal_id": 2188
      }
    },
    {
      "type": "Feature",
      "geometry": {
        "type": "Point",
        "coordinates": [
          35.1844741,
          32.9407094
        ]
      },
      "properties": {
        "name": "Project 0678",
        "project_number": 678,
        "address_type": "city",
        "person_id": 2022,
        "place": "ג'וליס",
        "approximate": true,
        "deal_id": 2189
      }
    },
    {
      "type": "Feature",
      "geometry": {
        "type": "Point",
        "coordinates": [
          35.1804958,
          32.9456834
        ]
      },
      "properties": {
        "name": "Project 0679",
        "project_number": 679,
        "address_type": "city",
        "person_id": 2023,
        "place": "ג'וליס",
        "approximate": true,
        "deal_id": 2190
      }
    },
    {
      "type": "Feature",
      "geometry": {
        "type": "Point",
        "coordinates": [
          34.7968939,
          32.0539359
        ]
      },
      "properties": {
        "name": "Project 0680",
        "project_number": 680,
        "address_type": "street",
        "person_id": 2025,
        "place": "תל־אביב–יפו",
        "approximate": false,
        "deal_id": 2194
      }
    },
    {
      "type": "Feature",
      "geometry": {
        "type": "Point",
        "coordinates": [
          35.1820512,
          32.9388446
        ]
      },
      "properties": {
        "name": "Project 0681",
        "project_number": 681,
        "address_type": "city",
        "person_id": 2026,
        "place": "ג'וליס",
        "approximate": true,
        "deal_id": 2192
      }
    },
    {
      "type": "Feature",
      "geometry": {
        "type": "Point",
        "coordinates": [
          34.7657632,
          31.5957516
        ]
      },
      "properties": {
        "name": "Project 0682",
        "project_number": 682,
        "address_type": "city",
        "person_id": 2027,
        "place": "קרית גת",
        "approximate": true,
        "deal_id": 2193
      }
    },
    {
      "type": "Feature",
      "geometry": {
        "type": "Point",
        "coordinates": [
          35.3800032,
          32.9678403
        ]
      },
      "properties": {
        "name": "Project 0683",
        "project_number": 683,
        "address_type": "city",
        "person_id": 2028,
        "place": "Beit Jann",
        "approximate": true,
        "deal_id": 2196
      }
    },
    {
      "type": "Feature",
      "geometry": {
        "type": "Point",
        "coordinates": [
          35.3701347,
          32.9696093
        ]
      },
      "properties": {
        "name": "Project 0684",
        "project_number": 684,
        "address_type": "city",
        "person_id": 2029,
        "place": "Beit Jann",
        "approximate": true,
        "deal_id": 2197
      }
    },
    {
      "type": "Feature",
      "geometry": {
        "type": "Point",
        "coordinates": [
          35.2098554,
          32.9543226
        ]
      },
      "properties": {
        "name": "Project 0685",
        "project_number": 685,
        "address_type": "city",
        "person_id": 2030,
        "place": "ירכא",
        "approximate": true,
        "deal_id": 2198
      }
    },
    {
      "type": "Feature",
      "geometry": {
        "type": "Point",
        "coordinates": [
          35.1911926,
          32.946654
        ]
      },
      "properties": {
        "name": "Project 0686",
        "project_number": 686,
        "address_type": "city",
        "person_id": 2031,
        "place": "ג'וליס",
        "approximate": true,
        "deal_id": 2199
      }
    },
    {
      "type": "Feature",
      "geometry": {
        "type": "Point",
        "coordinates": [
          35.2243633,
          32.9502389
        ]
      },
      "properties": {
        "name": "Project 0687",
        "project_number": 687,
        "address_type": "city",
        "person_id": 2032,
        "place": "ירכא",
        "approximate": true,
        "deal_id": 2200
      }
    },
    {
      "type": "Feature",
      "geometry": {
        "type": "Point",
        "coordinates": [
          35.1885688,
          32.9430215
        ]
      },
      "properties": {
        "name": "Project 0688",
        "project_number": 688,
        "address_type": "city",
        "person_id": 2033,
        "place": "גולס",
        "approximate": true,
        "deal_id": 2201
      }
    },
    {
      "type": "Feature",
      "geometry": {
        "type": "Point",
        "coordinates": [
          35.0931769,
          32.9908651
        ]
      },
      "properties": {
        "name": "Project 0689",
        "project_number": 689,
        "address_type": "city",
        "person_id": 2034,
        "place": "נהריה",
        "approximate": true,
        "deal_id": 2202
      }
    },
    {
      "type": "Feature",
      "geometry": {
        "type": "Point",
        "coordinates": [
          35.1553492,
          31.8575571
        ]
      },
      "properties": {
        "name": "Project 0690",
        "project_number": 690,
        "address_type": "city",
        "person_id": 2035,
        "place": "גבעת זאב",
        "approximate": true,
        "deal_id": 2203
      }
    },
    {
      "type": "Feature",
      "geometry": {
        "type": "Point",
        "coordinates": [
          35.1732468,
          31.860977
        ]
      },
      "properties": {
        "name": "Project 0691",
        "project_number": 691,
        "address_type": "city",
        "person_id": 2036,
        "place": "גבעת זאב",
        "approximate": true,
        "deal_id": 2205
      }
    },
    {
      "type": "Feature",
      "geometry": {
        "type": "Point",
        "coordinates": [
          35.3248473,
          33.0617561
        ]
      },
      "properties": {
        "name": "Project 0692",
        "project_number": 692,
        "address_type": "city",
        "person_id": 2037,
        "place": "נטועה",
        "approximate": true,
        "deal_id": 2204
      }
    },
    {
      "type": "Feature",
      "geometry": {
        "type": "Point",
        "coordinates": [
          35.1770688,
          32.9649732
        ]
      },
      "properties": {
        "name": "Project 0693",
        "project_number": 693,
        "address_type": "city",
        "person_id": 2038,
        "place": "Abu Snan",
        "approximate": true,
        "deal_id": 2206
      }
    },
    {
      "type": "Feature",
      "geometry": {
        "type": "Point",
        "coordinates": [
          35.3220878,
          33.0629627
        ]
      },
      "properties": {
        "name": "Project 0694",
        "project_number": 694,
        "address_type": "city",
        "person_id": 2039,
        "place": "נטועה",
        "approximate": true,
        "deal_id": 2207
      }
    },
    {
      "type": "Feature",
      "geometry": {
        "type": "Point",
        "coordinates": [
          34.9622556,
          32.0930521
        ]
      },
      "properties": {
        "name": "Project 0695",
        "project_number": 695,
        "address_type": "city",
        "person_id": 2040,
        "place": "מישר",
        "approximate": true,
        "deal_id": 2209
      }
    },
    {
      "type": "Feature",
      "geometry": {
        "type": "Point",
        "coordinates": [
          35.2848304,
          33.0814249
        ]
      },
      "properties": {
        "name": "Project 0696",
        "project_number": 696,
        "address_type": "city",
        "person_id": 2041,
        "place": "שומרה",
        "approximate": true,
        "deal_id": 2208
      }
    },
    {
      "type": "Feature",
      "geometry": {
        "type": "Point",
        "coordinates": [
          34.6766056,
          31.5684164
        ]
      },
      "properties": {
        "name": "Project 0697",
        "project_number": 697,
        "address_type": "street",
        "person_id": 2042,
        "place": "תלמים",
        "approximate": true,
        "deal_id": 2210
      }
    },
    {
      "type": "Feature",
      "geometry": {
        "type": "Point",
        "coordinates": [
          34.9784487,
          32.1994985
        ]
      },
      "properties": {
        "name": "Project 0698",
        "project_number": 698,
        "address_type": "city",
        "person_id": 2043,
        "place": "54347240",
        "approximate": true,
        "deal_id": 2212
      }
    },
    {
      "type": "Feature",
      "geometry": {
        "type": "Point",
        "coordinates": [
          35.2204656,
          32.9601669
        ]
      },
      "properties": {
        "name": "Project 0699",
        "project_number": 699,
        "address_type": "city",
        "person_id": 2044,
        "place": "ירכא",
        "approximate": true,
        "deal_id": 2211
      }
    },
    {
      "type": "Feature",
      "geometry": {
        "type": "Point",
        "coordinates": [
          34.8846743,
          32.0467157
        ]
      },
      "properties": {
        "name": "Project 0700",
        "project_number": 700,
        "address_type": "street",
        "person_id": 2045,
        "place": "סביון",
        "approximate": false,
        "deal_id": 2213
      }
    },
    {
      "type": "Feature",
      "geometry": {
        "type": "Point",
        "coordinates": [
          35.5041644,
          33.04711
        ]
      },
      "properties": {
        "name": "Project 0701",
        "project_number": 701,
        "address_type": "city",
        "person_id": 2046,
        "place": "עלמה",
        "approximate": true,
        "deal_id": 2214
      }
    },
    {
      "type": "Feature",
      "geometry": {
        "type": "Point",
        "coordinates": [
          35.0489824,
          32.0378818
        ]
      },
      "properties": {
        "name": "Project 0702",
        "project_number": 702,
        "address_type": "city",
        "person_id": 2047,
        "place": "בית אריה",
        "approximate": true,
        "deal_id": 2216
      }
    },
    {
      "type": "Feature",
      "geometry": {
        "type": "Point",
        "coordinates": [
          35.4362834,
          32.2010821
        ]
      },
      "properties": {
        "name": "Project 0703",
        "project_number": 703,
        "address_type": "city",
        "person_id": 2048,
        "place": "חמרה",
        "approximate": true,
        "deal_id": 2217
      }
    },
    {
      "type": "Feature",
      "geometry": {
        "type": "Point",
        "coordinates": [
          35.1919004,
          32.8610488
        ]
      },
      "properties": {
        "name": "Project 0704",
        "project_number": 704,
        "address_type": "city",
        "person_id": 2049,
        "place": "Tamra",
        "approximate": true,
        "deal_id": 2218
      }
    },
    {
      "type": "Feature",
      "geometry": {
        "type": "Point",
        "coordinates": [
          35.1121727,
          32.7600885
        ]
      },
      "properties": {
        "name": "Project 0705",
        "project_number": 705,
        "address_type": "city",
        "person_id": 2050,
        "place": "Ibtin",
        "approximate": true,
        "deal_id": 2219
      }
    },
    {
      "type": "Feature",
      "geometry": {
        "type": "Point",
        "coordinates": [
          35.1485576,
          33.020631
        ]
      },
      "properties": {
        "name": "Project 0706",
        "project_number": 706,
        "address_type": "city",
        "person_id": 2051,
        "place": "כברי",
        "approximate": true,
        "deal_id": 2220
      }
    },
    {
      "type": "Feature",
      "geometry": {
        "type": "Point",
        "coordinates": [
          35.3120558,
          32.6957038
        ]
      },
      "properties": {
        "name": "Project 0707",
        "project_number": 707,
        "address_type": "city",
        "person_id": 2052,
        "place": "נצרת",
        "approximate": true,
        "deal_id": 2221
      }
    },
    {
      "type": "Feature",
      "geometry": {
        "type": "Point",
        "coordinates": [
          35.2091353,
          32.8687559
        ]
      },
      "properties": {
        "name": "Project 0708",
        "project_number": 708,
        "address_type": "city",
        "person_id": 2054,
        "place": "Tamra",
        "approximate": true,
        "deal_id": 2223
      }
    },
    {
      "type": "Feature",
      "geometry": {
        "type": "Point",
        "coordinates": [
          35.1998093,
          32.8458466
        ]
      },
      "properties": {
        "name": "Project 0709",
        "project_number": 709,
        "address_type": "city",
        "person_id": 2055,
        "place": "Tamra",
        "approximate": true,
        "deal_id": 2224
      }
    },
    {
      "type": "Feature",
      "geometry": {
        "type": "Point",
        "coordinates": [
          34.9362529,
          32.5281112
        ]
      },
      "properties": {
        "name": "Project 0710",
        "project_number": 710,
        "address_type": "street",
        "person_id": 2057,
        "place": "בנימינה - גבעת עדה",
        "approximate": false,
        "deal_id": 2226
      }
    },
    {
      "type": "Feature",
      "geometry": {
        "type": "Point",
        "coordinates": [
          35.2974695,
          32.9965949
        ]
      },
      "properties": {
        "name": "Project 0711",
        "project_number": 711,
        "address_type": "city",
        "person_id": 2059,
        "place": "חוסן",
        "approximate": true,
        "deal_id": 2228
      }
    },
    {
      "type": "Feature",
      "geometry": {
        "type": "Point",
        "coordinates": [
          34.9472992,
          32.3344193
        ]
      },
      "properties": {
        "name": "Project 0712",
        "project_number": 712,
        "address_type": "city",
        "person_id": 2062,
        "place": "חניאל",
        "approximate": true,
        "deal_id": 2231
      }
    },
    {
      "type": "Feature",
      "geometry": {
        "type": "Point",
        "coordinates": [
          35.155525,
          32.5928744
        ]
      },
      "properties": {
        "name": "Project 0713",
        "project_number": 713,
        "address_type": "city",
        "person_id": 2063,
        "place": "מדרך עוז",
        "approximate": true,
        "deal_id": 2233
      }
    },
    {
      "type": "Feature",
      "geometry": {
        "type": "Point",
        "coordinates": [
          34.8741042,
          32.1754418
        ]
      },
      "properties": {
        "name": "Project 0714",
        "project_number": 714,
        "address_type": "street",
        "person_id": 2064,
        "place": "רעננה",
        "approximate": false,
        "deal_id": 2234
      }
    },
    {
      "type": "Feature",
      "geometry": {
        "type": "Point",
        "coordinates": [
          35.1752261,
          32.9602024
        ]
      },
      "properties": {
        "name": "Project 0715",
        "project_number": 715,
        "address_type": "city",
        "person_id": 2065,
        "place": "Abu Snan",
        "approximate": true,
        "deal_id": 2235
      }
    },
    {
      "type": "Feature",
      "geometry": {
        "type": "Point",
        "coordinates": [
          35.2675805,
          32.9995466
        ]
      },
      "properties": {
        "name": "Project 0716",
        "project_number": 716,
        "address_type": "street",
        "person_id": 2066,
        "place": "כפר ורדים",
        "approximate": false,
        "deal_id": 2236
      }
    },
    {
      "type": "Feature",
      "geometry": {
        "type": "Point",
        "coordinates": [
          34.9092726,
          32.1386625
        ]
      },
      "properties": {
        "name": "Project 0717",
        "project_number": 717,
        "address_type": "street",
        "person_id": 2067,
        "place": "עדנים",
        "approximate": false,
        "deal_id": 2237
      }
    },
    {
      "type": "Feature",
      "geometry": {
        "type": "Point",
        "coordinates": [
          35.2612222,
          32.9440146
        ]
      },
      "properties": {
        "name": "Project 0718",
        "project_number": 718,
        "address_type": "city",
        "person_id": 2068,
        "place": "Deir al-Asad",
        "approximate": true,
        "deal_id": 2238
      }
    },
    {
      "type": "Feature",
      "geometry": {
        "type": "Point",
        "coordinates": [
          35.2781573,
          32.9355376
        ]
      },
      "properties": {
        "name": "Project 0719",
        "project_number": 719,
        "address_type": "city",
        "person_id": 2069,
        "place": "Deir al-Asad",
        "approximate": true,
        "deal_id": 2239
      }
    },
    {
      "type": "Feature",
      "geometry": {
        "type": "Point",
        "coordinates": [
          35.1340564,
          33.0806834
        ]
      },
      "properties": {
        "name": "Project 0720",
        "project_number": 720,
        "address_type": "street",
        "person_id": 2070,
        "place": "שלומי",
        "approximate": false,
        "deal_id": 2240
      }
    },
    {
      "type": "Feature",
      "geometry": {
        "type": "Point",
        "coordinates": [
          35.2617891,
          33.0137148
        ]
      },
      "properties": {
        "name": "Project 0721",
        "project_number": 721,
        "address_type": "city",
        "person_id": 2071,
        "place": "מעונה",
        "approximate": true,
        "deal_id": 2241
      }
    },
    {
      "type": "Feature",
      "geometry": {
        "type": "Point",
        "coordinates": [
          35.2573557,
          33.0194928
        ]
      },
      "properties": {
        "name": "Project 0722",
        "project_number": 722,
        "address_type": "city",
        "person_id": 2072,
        "place": "מעונה",
        "approximate": true,
        "deal_id": 2242
      }
    },
    {
      "type": "Feature",
      "geometry": {
        "type": "Point",
        "coordinates": [
          35.0369373,
          32.6844961
        ]
      },
      "properties": {
        "name": "Project 0723",
        "project_number": 723,
        "address_type": "city",
        "person_id": 2073,
        "place": "Daliyat al-Karmel",
        "approximate": true,
        "deal_id": 2243
      }
    },
    {
      "type": "Feature",
      "geometry": {
        "type": "Point",
        "coordinates": [
          35.7477754,
          32.8520879
        ]
      },
      "properties": {
        "name": "Project 0724",
        "project_number": 724,
        "address_type": "city",
        "person_id": 2077,
        "place": "נטור",
        "approximate": true,
        "deal_id": 2247
      }
    },
    {
      "type": "Feature",
      "geometry": {
        "type": "Point",
        "coordinates": [
          35.1394479,
          32.7364394
        ]
      },
      "properties": {
        "name": "Project 0725",
        "project_number": 725,
        "address_type": "city",
        "person_id": 2078,
        "place": "בסמת טבעון",
        "approximate": true,
        "deal_id": 2248
      }
    },
    {
      "type": "Feature",
      "geometry": {
        "type": "Point",
        "coordinates": [
          35.2877324,
          33.0380537
        ]
      },
      "properties": {
        "name": "Project 0726",
        "project_number": 726,
        "address_type": "street",
        "person_id": 2079,
        "place": "מעונה",
        "approximate": false,
        "deal_id": 2249
      }
    },
    {
      "type": "Feature",
      "geometry": {
        "type": "Point",
        "coordinates": [
          35.0942768,
          33.0232736
        ]
      },
      "properties": {
        "name": "Project 0727",
        "project_number": 727,
        "address_type": "city",
        "person_id": 2081,
        "place": "ש\"י עגנון",
        "approximate": true,
        "deal_id": 2251
      }
    },
    {
      "type": "Feature",
      "geometry": {
        "type": "Point",
        "coordinates": [
          34.8613594,
          32.2341447
        ]
      },
      "properties": {
        "name": "Project 0728",
        "project_number": 728,
        "address_type": "street",
        "person_id": 2082,
        "place": "הפרדס",
        "approximate": false,
        "deal_id": 2252
      }
    },
    {
      "type": "Feature",
      "geometry": {
        "type": "Point",
        "coordinates": [
          35.1618361,
          32.0143588
        ]
      },
      "properties": {
        "name": "Project 0729",
        "project_number": 729,
        "address_type": "city",
        "person_id": 2085,
        "place": "עטרת",
        "approximate": true,
        "deal_id": 2255
      }
    },
    {
      "type": "Feature",
      "geometry": {
        "type": "Point",
        "coordinates": [
          35.512606,
          32.9705721
        ]
      },
      "properties": {
        "name": "Project 0730",
        "project_number": 730,
        "address_type": "city",
        "person_id": 2086,
        "place": "צפת",
        "approximate": true,
        "deal_id": 2256
      }
    },
    {
      "type": "Feature",
      "geometry": {
        "type": "Point",
        "coordinates": [
          35.1966514,
          32.867263
        ]
      },
      "properties": {
        "name": "Project 0731",
        "project_number": 731,
        "address_type": "city",
        "person_id": 2087,
        "place": "Tamra",
        "approximate": true,
        "deal_id": 2257
      }
    },
    {
      "type": "Feature",
      "geometry": {
        "type": "Point",
        "coordinates": [
          35.3176221,
          32.9385754
        ]
      },
      "properties": {
        "name": "Project 0732",
        "project_number": 732,
        "address_type": "city",
        "person_id": 2088,
        "place": "Nahf",
        "approximate": true,
        "deal_id": 2258
      }
    },
    {
      "type": "Feature",
      "geometry": {
        "type": "Point",
        "coordinates": [
          34.8580071,
          31.2707206
        ]
      },
      "properties": {
        "name": "Project 0733",
        "project_number": 733,
        "address_type": "street",
        "person_id": 2089,
        "place": "עומר",
        "approximate": false,
        "deal_id": 2259
      }
    },
    {
      "type": "Feature",
      "geometry": {
        "type": "Point",
        "coordinates": [
          35.3464719,
          33.0137658
        ]
      },
      "properties": {
        "name": "Project 0734",
        "project_number": 734,
        "address_type": "city",
        "person_id": 2090,
        "place": "Hurfeish",
        "approximate": true,
        "deal_id": 2260
      }
    },
    {
      "type": "Feature",
      "geometry": {
        "type": "Point",
        "coordinates": [
          34.8655261,
          32.2302327
        ]
      },
      "properties": {
        "name": "Project 0735",
        "project_number": 735,
        "address_type": "street",
        "person_id": 2091,
        "place": "הדקל",
        "approximate": false,
        "deal_id": 2261
      }
    },
    {
      "type": "Feature",
      "geometry": {
        "type": "Point",
        "coordinates": [
          35.3539609,
          32.5409612
        ]
      },
      "properties": {
        "name": "Project 0736",
        "project_number": 736,
        "address_type": "street",
        "person_id": 2092,
        "place": "גן נר",
        "approximate": false,
        "deal_id": 2262
      }
    },
    {
      "type": "Feature",
      "geometry": {
        "type": "Point",
        "coordinates": [
          34.5433289,
          31.4543669
        ]
      },
      "properties": {
        "name": "Project 0737",
        "project_number": 737,
        "address_type": "city",
        "person_id": 2093,
        "place": "שובה",
        "approximate": true,
        "deal_id": 2263
      }
    },
    {
      "type": "Feature",
      "geometry": {
        "type": "Point",
        "coordinates": [
          34.7689517,
          31.244924
        ]
      },
      "properties": {
        "name": "Project 0738",
        "project_number": 738,
        "address_type": "street",
        "person_id": 2094,
        "place": "באר שבע",
        "approximate": false,
        "deal_id": 2264
      }
    },
    {
      "type": "Feature",
      "geometry": {
        "type": "Point",
        "coordinates": [
          35.2904822,
          32.9119355
        ]
      },
      "properties": {
        "name": "Project 0739",
        "project_number": 739,
        "address_type": "street",
        "person_id": 2096,
        "place": "כרמיאל",
        "approximate": false,
        "deal_id": 2266
      }
    },
    {
      "type": "Feature",
      "geometry": {
        "type": "Point",
        "coordinates": [
          35.267848,
          32.9987161
        ]
      },
      "properties": {
        "name": "Project 0740",
        "project_number": 740,
        "address_type": "street",
        "person_id": 2097,
        "place": "כפר ורדים",
        "approximate": false,
        "deal_id": 2267
      }
    },
    {
      "type": "Feature",
      "geometry": {
        "type": "Point",
        "coordinates": [
          35.0931366,
          32.9885375
        ]
      },
      "properties": {
        "name": "Project 0741",
        "project_number": 741,
        "address_type": "city",
        "person_id": 2098,
        "place": "נהריה",
        "approximate": true,
        "deal_id": 2268
      }
    },
    {
      "type": "Feature",
      "geometry": {
        "type": "Point",
        "coordinates": [
          35.2859524,
          33.0168886
        ]
      },
      "properties": {
        "name": "Project 0742",
        "project_number": 742,
        "address_type": "street",
        "person_id": 2099,
        "place": "מעלות תרשיחא",
        "approximate": false,
        "deal_id": 2269
      }
    },
    {
      "type": "Feature",
      "geometry": {
        "type": "Point",
        "coordinates": [
          34.862688,
          32.3465742
        ]
      },
      "properties": {
        "name": "Project 0744",
        "project_number": 744,
        "address_type": "city",
        "person_id": 2105,
        "place": "נתניה",
        "approximate": true,
        "deal_id": 2271
      }
    },
    {
      "type": "Feature",
      "geometry": {
        "type": "Point",
        "coordinates": [
          35.1377193,
          33.0806357
        ]
      },
      "properties": {
        "name": "Project 0745",
        "project_number": 745,
        "address_type": "street",
        "person_id": 2107,
        "place": "שלומי",
        "approximate": false,
        "deal_id": 2273
      }
    },
    {
      "type": "Feature",
      "geometry": {
        "type": "Point",
        "coordinates": [
          35.2651162,
          33.0000462
        ]
      },
      "properties": {
        "name": "Project 0746",
        "project_number": 746,
        "address_type": "city",
        "person_id": 2108,
        "place": "כפר ורדים",
        "approximate": true,
        "deal_id": 2276
      }
    },
    {
      "type": "Feature",
      "geometry": {
        "type": "Point",
        "coordinates": [
          35.0777681,
          32.9269598
        ]
      },
      "properties": {
        "name": "Project 0747",
        "project_number": 747,
        "address_type": "street",
        "person_id": 2109,
        "place": "עכו",
        "approximate": false,
        "deal_id": 2277
      }
    },
    {
      "type": "Feature",
      "geometry": {
        "type": "Point",
        "coordinates": [
          35.5805058,
          33.2120708
        ]
      },
      "properties": {
        "name": "Project 0748",
        "project_number": 748,
        "address_type": "city",
        "person_id": 2110,
        "place": "קרית שמונה",
        "approximate": true,
        "deal_id": 2278
      }
    },
    {
      "type": "Feature",
      "geometry": {
        "type": "Point",
        "coordinates": [
          34.9185532,
          32.2921865
        ]
      },
      "properties": {
        "name": "Project 0749",
        "project_number": 749,
        "address_type": "city",
        "person_id": 2111,
        "place": "קדימה - צורן",
        "approximate": true,
        "deal_id": 2280
      }
    },
    {
      "type": "Feature",
      "geometry": {
        "type": "Point",
        "coordinates": [
          34.7687911,
          31.244068
        ]
      },
      "properties": {
        "name": "Project 0750",
        "project_number": 750,
        "address_type": "street",
        "person_id": 2112,
        "place": "באר שבע",
        "approximate": false,
        "deal_id": 2281
      }
    },
    {
      "type": "Feature",
      "geometry": {
        "type": "Point",
        "coordinates": [
          34.9141054,
          32.2805777
        ]
      },
      "properties": {
        "name": "Project 0751",
        "project_number": 751,
        "address_type": "city",
        "person_id": 2113,
        "place": "קדימה - צורן",
        "approximate": true,
        "deal_id": 2282
      }
    },
    {
      "type": "Feature",
      "geometry": {
        "type": "Point",
        "coordinates": [
          35.5248851,
          32.9996306
        ]
      },
      "properties": {
        "name": "Project 0752",
        "project_number": 752,
        "address_type": "street",
        "person_id": 2119,
        "place": "עמוקה",
        "approximate": true,
        "deal_id": 2289
      }
    },
    {
      "type": "Feature",
      "geometry": {
        "type": "Point",
        "coordinates": [
          35.6023098,
          33.0571379
        ]
      },
      "properties": {
        "name": "Project 0753",
        "project_number": 753,
        "address_type": "city",
        "person_id": 2120,
        "place": "יסוד המעלה",
        "approximate": true,
        "deal_id": 2290
      }
    },
    {
      "type": "Feature",
      "geometry": {
        "type": "Point",
        "coordinates": [
          35.1482251,
          33.0718872
        ]
      },
      "properties": {
        "name": "Project 0754",
        "project_number": 754,
        "address_type": "city",
        "person_id": 2122,
        "place": "שלומי",
        "approximate": true,
        "deal_id": 2292
      }
    },
    {
      "type": "Feature",
      "geometry": {
        "type": "Point",
        "coordinates": [
          35.1560488,
          32.7370598
        ]
      },
      "properties": {
        "name": "Project 0755",
        "project_number": 755,
        "address_type": "city",
        "person_id": 2134,
        "place": "בסמת טבעון",
        "approximate": true,
        "deal_id": 2306
      }
    },
    {
      "type": "Feature",
      "geometry": {
        "type": "Point",
        "coordinates": [
          34.8882992,
          32.3390696
        ]
      },
      "properties": {
        "name": "Project 0756",
        "project_number": 756,
        "address_type": "city",
        "person_id": 2135,
        "place": "בית יצחק - שער חפר",
        "approximate": true,
        "deal_id": 2307
      }
    },
    {
      "type": "Feature",
      "geometry": {
        "type": "Point",
        "coordinates": [
          35.572418,
          33.2192998
        ]
      },
      "properties": {
        "name": "Project 0757",
        "project_number": 757,
        "address_type": "city",
        "person_id": 2136,
        "place": "קרית שמונה",
        "approximate": true,
        "deal_id": 2308
      }
    },
    {
      "type": "Feature",
      "geometry": {
        "type": "Point",
        "coordinates": [
          35.5809351,
          33.2750003
        ]
      },
      "properties": {
        "name": "Project 0758",
        "project_number": 758,
        "address_type": "street",
        "person_id": 2137,
        "place": "מטולה",
        "approximate": false,
        "deal_id": 2309
      }
    },
    {
      "type": "Feature",
      "geometry": {
        "type": "Point",
        "coordinates": [
          35.1994012,
          32.8847814
        ]
      },
      "properties": {
        "name": "Project 0759",
        "project_number": 759,
        "address_type": "city",
        "person_id": 2138,
        "place": "כאבול",
        "approximate": true,
        "deal_id": 2310
      }
    },
    {
      "type": "Feature",
      "geometry": {
        "type": "Point",
        "coordinates": [
          35.0759911,
          32.9277197
        ]
      },
      "properties": {
        "name": "Project 0760",
        "project_number": 760,
        "address_type": "street",
        "person_id": 2139,
        "place": "עכו",
        "approximate": false,
        "deal_id": 2311
      }
    },
    {
      "type": "Feature",
      "geometry": {
        "type": "Point",
        "coordinates": [
          35.2665221,
          32.9329761
        ]
      },
      "properties": {
        "name": "Project 0761",
        "project_number": 761,
        "address_type": "city",
        "person_id": 2140,
        "place": "Deir al-Asad",
        "approximate": true,
        "deal_id": 2312
      }
    },
    {
      "type": "Feature",
      "geometry": {
        "type": "Point",
        "coordinates": [
          35.1378764,
          33.0428088
        ]
      },
      "properties": {
        "name": "Project 0762",
        "project_number": 762,
        "address_type": "city",
        "person_id": 2150,
        "place": "ראש הנקרה",
        "approximate": true,
        "deal_id": 2325
      }
    },
    {
      "type": "Feature",
      "geometry": {
        "type": "Point",
        "coordinates": [
          35.1092621,
          33.0395622
        ]
      },
      "properties": {
        "name": "Project 0763",
        "project_number": 763,
        "address_type": "city",
        "person_id": 2152,
        "place": "מגרש ספורט כפר ראש הנקרה",
        "approximate": true,
        "deal_id": 2327
      }
    },
    {
      "type": "Feature",
      "geometry": {
        "type": "Point",
        "coordinates": [
          35.6861723,
          32.9939305
        ]
      },
      "properties": {
        "name": "Project 0764",
        "project_number": 764,
        "address_type": "city",
        "person_id": 2153,
        "place": "גבעת יואב",
        "approximate": true,
        "deal_id": 2333
      }
    },
    {
      "type": "Feature",
      "geometry": {
        "type": "Point",
        "coordinates": [
          35.5542837,
          33.1003879
        ]
      },
      "properties": {
        "name": "Project 0765",
        "project_number": 765,
        "address_type": "city",
        "person_id": 2157,
        "place": "Ramot Naftali",
        "approximate": true,
        "deal_id": 2338
      }
    },
    {
      "type": "Feature",
      "geometry": {
        "type": "Point",
        "coordinates": [
          35.1414783,
          33.0743706
        ]
      },
      "properties": {
        "name": "Project 0766",
        "project_number": 766,
        "address_type": "city",
        "person_id": 2158,
        "place": "שלומי",
        "approximate": true,
        "deal_id": 2339
      }
    },
    {
      "type": "Feature",
      "geometry": {
        "type": "Point",
        "coordinates": [
          34.9910075,
          32.475609
        ]
      },
      "properties": {
        "name": "Project 0767",
        "project_number": 767,
        "address_type": "city",
        "person_id": 2159,
        "place": "פרדס חנה-כרכור",
        "approximate": true,
        "deal_id": 2340
      }
    },
    {
      "type": "Feature",
      "geometry": {
        "type": "Point",
        "coordinates": [
          35.7707421,
          33.1828095
        ]
      },
      "properties": {
        "name": "Project 0768",
        "project_number": 768,
        "address_type": "city",
        "person_id": 2160,
        "place": "אל-רום",
        "approximate": true,
        "deal_id": 2341
      }
    },
    {
      "type": "Feature",
      "geometry": {
        "type": "Point",
        "coordinates": [
          34.9187013,
          32.2964865
        ]
      },
      "properties": {
        "name": "Project 0769",
        "project_number": 769,
        "address_type": "city",
        "person_id": 2161,
        "place": "צור משה",
        "approximate": true,
        "deal_id": 2342
      }
    },
    {
      "type": "Feature",
      "geometry": {
        "type": "Point",
        "coordinates": [
          35.2898178,
          32.9073799
        ]
      },
      "properties": {
        "name": "Project 0770",
        "project_number": 770,
        "address_type": "street",
        "person_id": 2162,
        "place": "כרמיאל",
        "approximate": false,
        "deal_id": 2343
      }
    },
    {
      "type": "Feature",
      "geometry": {
        "type": "Point",
        "coordinates": [
          34.7397734,
          31.7354949
        ]
      },
      "properties": {
        "name": "Project 0771",
        "project_number": 771,
        "address_type": "city",
        "person_id": 2163,
        "place": "חצב",
        "approximate": true,
        "deal_id": 2344
      }
    },
    {
      "type": "Feature",
      "geometry": {
        "type": "Point",
        "coordinates": [
          35.2993984,
          32.6971182
        ]
      },
      "properties": {
        "name": "Project 0772",
        "project_number": 772,
        "address_type": "city",
        "person_id": 2164,
        "place": "נוף הגליל",
        "approximate": true,
        "deal_id": 2345
      }
    },
    {
      "type": "Feature",
      "geometry": {
        "type": "Point",
        "coordinates": [
          35.0420613,
          32.6935417
        ]
      },
      "properties": {
        "name": "Project 0773",
        "project_number": 773,
        "address_type": "city",
        "person_id": 2165,
        "place": "Daliyat al-Karmel",
        "approximate": true,
        "deal_id": 2346
      }
    },
    {
      "type": "Feature",
      "geometry": {
        "type": "Point",
        "coordinates": [
          35.1151503,
          33.0597655
        ]
      },
      "properties": {
        "name": "Project 0774",
        "project_number": 774,
        "address_type": "city",
        "person_id": 2166,
        "place": "ראש הנקרה",
        "approximate": true,
        "deal_id": 2347
      }
    },
    {
      "type": "Feature",
      "geometry": {
        "type": "Point",
        "coordinates": [
          35.2637723,
          32.5241433
        ]
      },
      "properties": {
        "name": "Project 0775",
        "project_number": 775,
        "address_type": "city",
        "person_id": 2167,
        "place": "רם און",
        "approximate": true,
        "deal_id": 2348
      }
    },
    {
      "type": "Feature",
      "geometry": {
        "type": "Point",
        "coordinates": [
          35.2572262,
          32.9002252
        ]
      },
      "properties": {
        "name": "Project 0776",
        "project_number": 776,
        "address_type": "city",
        "person_id": 2168,
        "place": "צורית",
        "approximate": true,
        "deal_id": 2349
      }
    },
    {
      "type": "Feature",
      "geometry": {
        "type": "Point",
        "coordinates": [
          35.3441673,
          32.9435928
        ]
      },
      "properties": {
        "name": "Project 0777",
        "project_number": 777,
        "address_type": "city",
        "person_id": 2169,
        "place": "סאג'ור",
        "approximate": true,
        "deal_id": 2350
      }
    },
    {
      "type": "Feature",
      "geometry": {
        "type": "Point",
        "coordinates": [
          35.5712337,
          32.6880731
        ]
      },
      "properties": {
        "name": "Project 0778",
        "project_number": 778,
        "address_type": "street",
        "person_id": 2170,
        "place": "פוריה - נווה עובד",
        "approximate": false,
        "deal_id": 2351
      }
    },
    {
      "type": "Feature",
      "geometry": {
        "type": "Point",
        "coordinates": [
          34.9799616,
          32.336846
        ]
      },
      "properties": {
        "name": "Project 0779",
        "project_number": 779,
        "address_type": "street",
        "person_id": 2171,
        "place": "עולש",
        "approximate": false,
        "deal_id": 2352
      }
    },
    {
      "type": "Feature",
      "geometry": {
        "type": "Point",
        "coordinates": [
          35.2727314,
          32.9925662
        ]
      },
      "properties": {
        "name": "Project 0780",
        "project_number": 780,
        "address_type": "street",
        "person_id": 2172,
        "place": "כפר ורדים",
        "approximate": false,
        "deal_id": 2353
      }
    },
    {
      "type": "Feature",
      "geometry": {
        "type": "Point",
        "coordinates": [
          35.5820176,
          33.2787724
        ]
      },
      "properties": {
        "name": "Project 0781",
        "project_number": 781,
        "address_type": "street",
        "person_id": 2173,
        "place": "מטולה",
        "approximate": false,
        "deal_id": 2354
      }
    },
    {
      "type": "Feature",
      "geometry": {
        "type": "Point",
        "coordinates": [
          35.2243455,
          32.9967788
        ]
      },
      "properties": {
        "name": "Project 0782",
        "project_number": 782,
        "address_type": "city",
        "person_id": 2174,
        "place": "יחיעם",
        "approximate": true,
        "deal_id": 2355
      }
    },
    {
      "type": "Feature",
      "geometry": {
        "type": "Point",
        "coordinates": [
          35.26387,
          32.9977454
        ]
      },
      "properties": {
        "name": "Project 0783",
        "project_number": 783,
        "address_type": "street",
        "person_id": 2175,
        "place": "כפר ורדים",
        "approximate": false,
        "deal_id": 2356
      }
    },
    {
      "type": "Feature",
      "geometry": {
        "type": "Point",
        "coordinates": [
          35.2675961,
          33.0094457
        ]
      },
      "properties": {
        "name": "Project 0784",
        "project_number": 784,
        "address_type": "city",
        "person_id": 2176,
        "place": "מעלות תרשיחא",
        "approximate": true,
        "deal_id": 2357
      }
    },
    {
      "type": "Feature",
      "geometry": {
        "type": "Point",
        "coordinates": [
          34.7873325,
          31.2606829
        ]
      },
      "properties": {
        "name": "Project 0785",
        "project_number": 785,
        "address_type": "city",
        "person_id": 2177,
        "place": "באר שבע",
        "approximate": true,
        "deal_id": 2358
      }
    },
    {
      "type": "Feature",
      "geometry": {
        "type": "Point",
        "coordinates": [
          34.4249511,
          31.232904
        ]
      },
      "properties": {
        "name": "Project 0786",
        "project_number": 786,
        "address_type": "city",
        "person_id": 2178,
        "place": "צוחר",
        "approximate": true,
        "deal_id": 2359
      }
    },
    {
      "type": "Feature",
      "geometry": {
        "type": "Point",
        "coordinates": [
          35.1590148,
          32.5144044
        ]
      },
      "properties": {
        "name": "Project 0787",
        "project_number": 787,
        "address_type": "city",
        "person_id": 2179,
        "place": "Umm al-Fahm",
        "approximate": true,
        "deal_id": 2360
      }
    },
    {
      "type": "Feature",
      "geometry": {
        "type": "Point",
        "coordinates": [
          35.148496,
          32.5269973
        ]
      },
      "properties": {
        "name": "Project 0788",
        "project_number": 788,
        "address_type": "city",
        "person_id": 2180,
        "place": "Umm al-Fahm",
        "approximate": true,
        "deal_id": 2361
      }
    },
    {
      "type": "Feature",
      "geometry": {
        "type": "Point",
        "coordinates": [
          35.3479987,
          32.9409387
        ]
      },
      "properties": {
        "name": "Project 0789",
        "project_number": 789,
        "address_type": "city",
        "person_id": 2181,
        "place": "סאג'ור",
        "approximate": true,
        "deal_id": 2362
      }
    },
    {
      "type": "Feature",
      "geometry": {
        "type": "Point",
        "coordinates": [
          34.5758413,
          31.4497952
        ]
      },
      "properties": {
        "name": "Project 0790",
        "project_number": 790,
        "address_type": "city",
        "person_id": 2182,
        "place": "תקומה",
        "approximate": true,
        "deal_id": 2363
      }
    },
    {
      "type": "Feature",
      "geometry": {
        "type": "Point",
        "coordinates": [
          35.2876926,
          32.9427904
        ]
      },
      "properties": {
        "name": "Project 0791",
        "project_number": 791,
        "address_type": "city",
        "person_id": 2184,
        "place": "Deir al-Asad",
        "approximate": true,
        "deal_id": 2365
      }
    },
    {
      "type": "Feature",
      "geometry": {
        "type": "Point",
        "coordinates": [
          34.9710363,
          32.0955388
        ]
      },
      "properties": {
        "name": "Project 0792",
        "project_number": 792,
        "address_type": "street",
        "person_id": 2185,
        "place": "ראש העין",
        "approximate": false,
        "deal_id": 2366
      }
    },
    {
      "type": "Feature",
      "geometry": {
        "type": "Point",
        "coordinates": [
          34.9718003,
          32.0949366
        ]
      },
      "properties": {
        "name": "Project 0793",
        "project_number": 793,
        "address_type": "street",
        "person_id": 2186,
        "place": "ראש העין",
        "approximate": false,
        "deal_id": 2367
      }
    },
    {
      "type": "Feature",
      "geometry": {
        "type": "Point",
        "coordinates": [
          35.049169,
          32.0374986
        ]
      },
      "properties": {
        "name": "Project 0794",
        "project_number": 794,
        "address_type": "city",
        "person_id": 2187,
        "place": "בית אריה",
        "approximate": true,
        "deal_id": 2368
      }
    },
    {
      "type": "Feature",
      "geometry": {
        "type": "Point",
        "coordinates": [
          35.2951243,
          32.9109429
        ]
      },
      "properties": {
        "name": "Project 0795",
        "project_number": 795,
        "address_type": "street",
        "person_id": 2188,
        "place": "כרמיאל",
        "approximate": false,
        "deal_id": 2369
      }
    },
    {
      "type": "Feature",
      "geometry": {
        "type": "Point",
        "coordinates": [
          35.3485841,
          32.9427516
        ]
      },
      "properties": {
        "name": "Project 0796",
        "project_number": 796,
        "address_type": "city",
        "person_id": 2189,
        "place": "סאג'ור",
        "approximate": true,
        "deal_id": 2370
      }
    },
    {
      "type": "Feature",
      "geometry": {
        "type": "Point",
        "coordinates": [
          35.772417,
          33.1830028
        ]
      },
      "properties": {
        "name": "Project 0797",
        "project_number": 797,
        "address_type": "city",
        "person_id": 2194,
        "place": "אל-רום",
        "approximate": true,
        "deal_id": 2375
      }
    },
    {
      "type": "Feature",
      "geometry": {
        "type": "Point",
        "coordinates": [
          35.1829526,
          32.9536503
        ]
      },
      "properties": {
        "name": "Project 0798",
        "project_number": 798,
        "address_type": "city",
        "person_id": 2195,
        "place": "Abu Snan",
        "approximate": true,
        "deal_id": 2376
      }
    },
    {
      "type": "Feature",
      "geometry": {
        "type": "Point",
        "coordinates": [
          34.8031114,
          31.8683815
        ]
      },
      "properties": {
        "name": "Project 0799",
        "project_number": 799,
        "address_type": "city",
        "person_id": 2196,
        "place": "גבעת ברנר",
        "approximate": true,
        "deal_id": 2377
      }
    },
    {
      "type": "Feature",
      "geometry": {
        "type": "Point",
        "coordinates": [
          35.0791389,
          32.9311202
        ]
      },
      "properties": {
        "name": "Project 0800",
        "project_number": 800,
        "address_type": "street",
        "person_id": 2197,
        "place": "עכו",
        "approximate": false,
        "deal_id": 2378
      }
    },
    {
      "type": "Feature",
      "geometry": {
        "type": "Point",
        "coordinates": [
          34.7594333,
          31.3882443
        ]
      },
      "properties": {
        "name": "Project 0801",
        "project_number": 801,
        "address_type": "city",
        "person_id": 2199,
        "place": "רהט",
        "approximate": true,
        "deal_id": 2380
      }
    },
    {
      "type": "Feature",
      "geometry": {
        "type": "Point",
        "coordinates": [
          35.3276868,
          32.5251337
        ]
      },
      "properties": {
        "name": "Project 0802",
        "project_number": 802,
        "address_type": "city",
        "person_id": 2200,
        "place": "Sandala",
        "approximate": true,
        "deal_id": 2381
      }
    },
    {
      "type": "Feature",
      "geometry": {
        "type": "Point",
        "coordinates": [
          35.2873901,
          33.0386281
        ]
      },
      "properties": {
        "name": "Project 0803",
        "project_number": 803,
        "address_type": "street",
        "person_id": 2201,
        "place": "מעונה",
        "approximate": false,
        "deal_id": 2382
      }
    },
    {
      "type": "Feature",
      "geometry": {
        "type": "Point",
        "coordinates": [
          34.8231704,
          31.89236
        ]
      },
      "properties": {
        "name": "Project 0804",
        "project_number": 804,
        "address_type": "city",
        "person_id": 2202,
        "place": "רחובות",
        "approximate": true,
        "deal_id": 2383
      }
    },
    {
      "type": "Feature",
      "geometry": {
        "type": "Point",
        "coordinates": [
          35.0986423,
          32.9854656
        ]
      },
      "properties": {
        "name": "Project 0805",
        "project_number": 805,
        "address_type": "city",
        "person_id": 2203,
        "place": "Mazra'a",
        "approximate": true,
        "deal_id": 2384
      }
    },
    {
      "type": "Feature",
      "geometry": {
        "type": "Point",
        "coordinates": [
          34.5518158,
          31.4488829
        ]
      },
      "properties": {
        "name": "Project 0806",
        "project_number": 806,
        "address_type": "street",
        "person_id": 2204,
        "place": "זימרת",
        "approximate": true,
        "deal_id": 2385
      }
    },
    {
      "type": "Feature",
      "geometry": {
        "type": "Point",
        "coordinates": [
          35.3163736,
          33.0075565
        ]
      },
      "properties": {
        "name": "Project 0807",
        "project_number": 807,
        "address_type": "city",
        "person_id": 2207,
        "place": "צוריאל",
        "approximate": true,
        "deal_id": 2388
      }
    },
    {
      "type": "Feature",
      "geometry": {
        "type": "Point",
        "coordinates": [
          35.3088401,
          33.0515848
        ]
      },
      "properties": {
        "name": "Project 0808",
        "project_number": 808,
        "address_type": "city",
        "person_id": 2210,
        "place": "Fassuta",
        "approximate": true,
        "deal_id": 2391
      }
    },
    {
      "type": "Feature",
      "geometry": {
        "type": "Point",
        "coordinates": [
          35.4982502,
          32.9538998
        ]
      },
      "properties": {
        "name": "Project 0809",
        "project_number": 809,
        "address_type": "city",
        "person_id": 2211,
        "place": "צפת",
        "approximate": true,
        "deal_id": 2392
      }
    },
    {
      "type": "Feature",
      "geometry": {
        "type": "Point",
        "coordinates": [
          35.3569933,
          32.9078343
        ]
      },
      "properties": {
        "name": "Project 0810",
        "project_number": 810,
        "address_type": "city",
        "person_id": 2212,
        "place": "Kamanneh",
        "approximate": true,
        "deal_id": 2393
      }
    },
    {
      "type": "Feature",
      "geometry": {
        "type": "Point",
        "coordinates": [
          34.9146838,
          32.2969151
        ]
      },
      "properties": {
        "name": "Project 0811",
        "project_number": 811,
        "address_type": "city",
        "person_id": 2213,
        "place": "צור משה",
        "approximate": true,
        "deal_id": 2395
      }
    },
    {
      "type": "Feature",
      "geometry": {
        "type": "Point",
        "coordinates": [
          34.7794809,
          31.6124071
        ]
      },
      "properties": {
        "name": "Project 0812",
        "project_number": 812,
        "address_type": "city",
        "person_id": 2214,
        "place": "קרית גת",
        "approximate": true,
        "deal_id": 2396
      }
    },
    {
      "type": "Feature",
      "geometry": {
        "type": "Point",
        "coordinates": [
          35.68335,
          33.1340576
        ]
      },
      "properties": {
        "name": "Project 0813",
        "project_number": 813,
        "address_type": "city",
        "person_id": 2217,
        "place": "קלע אלון",
        "approximate": true,
        "deal_id": 2399
      }
    },
    {
      "type": "Feature",
      "geometry": {
        "type": "Point",
        "coordinates": [
          35.4215954,
          32.6897499
        ]
      },
      "properties": {
        "name": "Project 0814",
        "project_number": 814,
        "address_type": "street",
        "person_id": 2218,
        "place": "כפר תבור",
        "approximate": false,
        "deal_id": 2400
      }
    },
    {
      "type": "Feature",
      "geometry": {
        "type": "Point",
        "coordinates": [
          35.3709498,
          32.9685681
        ]
      },
      "properties": {
        "name": "Project 0815",
        "project_number": 815,
        "address_type": "city",
        "person_id": 2220,
        "place": "Beit Jann",
        "approximate": true,
        "deal_id": 2402
      }
    },
    {
      "type": "Feature",
      "geometry": {
        "type": "Point",
        "coordinates": [
          34.8235202,
          31.4149457
        ]
      },
      "properties": {
        "name": "Project 0816",
        "project_number": 816,
        "address_type": "city",
        "person_id": 2221,
        "place": "דביר",
        "approximate": true,
        "deal_id": 2403
      }
    },
    {
      "type": "Feature",
      "geometry": {
        "type": "Point",
        "coordinates": [
          35.4679305,
          31.9077153
        ]
      },
      "properties": {
        "name": "Project 0817",
        "project_number": 817,
        "address_type": "city",
        "person_id": 2222,
        "place": "נעמה",
        "approximate": true,
        "deal_id": 2404
      }
    },
    {
      "type": "Feature",
      "geometry": {
        "type": "Point",
        "coordinates": [
          35.3477208,
          32.9434277
        ]
      },
      "properties": {
        "name": "Project 0818",
        "project_number": 818,
        "address_type": "city",
        "person_id": 2223,
        "place": "סאג'ור",
        "approximate": true,
        "deal_id": 2405
      }
    },
    {
      "type": "Feature",
      "geometry": {
        "type": "Point",
        "coordinates": [
          34.7661154,
          31.6174339
        ]
      },
      "properties": {
        "name": "Project 0819",
        "project_number": 819,
        "address_type": "street",
        "person_id": 2224,
        "place": "קרית גת",
        "approximate": false,
        "deal_id": 2406
      }
    },
    {
      "type": "Feature",
      "geometry": {
        "type": "Point",
        "coordinates": [
          35.512419,
          32.9703653
        ]
      },
      "properties": {
        "name": "Project 0820",
        "project_number": 820,
        "address_type": "city",
        "person_id": 2227,
        "place": "עכברה",
        "approximate": true,
        "deal_id": 2410
      }
    },
    {
      "type": "Feature",
      "geometry": {
        "type": "Point",
        "coordinates": [
          35.2614335,
          32.7156394
        ]
      },
      "properties": {
        "name": "Project 0821",
        "project_number": 821,
        "address_type": "city",
        "person_id": 2228,
        "place": "Ilut",
        "approximate": true,
        "deal_id": 2411
      }
    },
    {
      "type": "Feature",
      "geometry": {
        "type": "Point",
        "coordinates": [
          35.3734841,
          32.9708943
        ]
      },
      "properties": {
        "name": "Project 0822",
        "project_number": 822,
        "address_type": "city",
        "person_id": 2230,
        "place": "Beit Jann",
        "approximate": true,
        "deal_id": 2413
      }
    },
    {
      "type": "Feature",
      "geometry": {
        "type": "Point",
        "coordinates": [
          34.9497322,
          31.9930306
        ]
      },
      "properties": {
        "name": "Project 0823",
        "project_number": 823,
        "address_type": "city",
        "person_id": 2231,
        "place": "תפן",
        "approximate": true,
        "deal_id": 2414
      }
    },
    {
      "type": "Feature",
      "geometry": {
        "type": "Point",
        "coordinates": [
          35.4744151,
          32.7248121
        ]
      },
      "properties": {
        "name": "Project 0824",
        "project_number": 824,
        "address_type": "city",
        "person_id": 2232,
        "place": "שרונה",
        "approximate": true,
        "deal_id": 2415
      }
    },
    {
      "type": "Feature",
      "geometry": {
        "type": "Point",
        "coordinates": [
          35.4667587,
          31.9073097
        ]
      },
      "properties": {
        "name": "Project 0825",
        "project_number": 825,
        "address_type": "city",
        "person_id": 2233,
        "place": "נעמה",
        "approximate": true,
        "deal_id": 2416
      }
    },
    {
      "type": "Feature",
      "geometry": {
        "type": "Point",
        "coordinates": [
          35.0810407,
          32.9753711
        ]
      },
      "properties": {
        "name": "Project 0826",
        "project_number": 826,
        "address_type": "city",
        "person_id": 2235,
        "place": "שבי ציון",
        "approximate": true,
        "deal_id": 2418
      }
    },
    {
      "type": "Feature",
      "geometry": {
        "type": "Point",
        "coordinates": [
          34.9075346,
          32.1397194
        ]
      },
      "properties": {
        "name": "Project 0827",
        "project_number": 827,
        "address_type": "city",
        "person_id": 2236,
        "place": "ההדר",
        "approximate": true,
        "deal_id": 2419
      }
    },
    {
      "type": "Feature",
      "geometry": {
        "type": "Point",
        "coordinates": [
          35.1660382,
          32.9528276
        ]
      },
      "properties": {
        "name": "Project 0828",
        "project_number": 828,
        "address_type": "city",
        "person_id": 2238,
        "place": "Abu Snan",
        "approximate": true,
        "deal_id": 2421
      }
    },
    {
      "type": "Feature",
      "geometry": {
        "type": "Point",
        "coordinates": [
          35.1958497,
          33.0399027
        ]
      },
      "properties": {
        "name": "Project 0829",
        "project_number": 829,
        "address_type": "city",
        "person_id": 2239,
        "place": "מנות",
        "approximate": true,
        "deal_id": 2423
      }
    },
    {
      "type": "Feature",
      "geometry": {
        "type": "Point",
        "coordinates": [
          35.3004323,
          32.8858956
        ]
      },
      "properties": {
        "name": "Project 0830",
        "project_number": 830,
        "address_type": "street",
        "person_id": 2240,
        "place": "לבון",
        "approximate": false,
        "deal_id": 2424
      }
    },
    {
      "type": "Feature",
      "geometry": {
        "type": "Point",
        "coordinates": [
          35.2881336,
          32.60629
        ]
      },
      "properties": {
        "name": "Project 0831",
        "project_number": 831,
        "address_type": "street",
        "person_id": 2241,
        "place": "עפולה",
        "approximate": false,
        "deal_id": 2425
      }
    },
    {
      "type": "Feature",
      "geometry": {
        "type": "Point",
        "coordinates": [
          34.7068983,
          31.6958286
        ]
      },
      "properties": {
        "name": "Project 0832",
        "project_number": 832,
        "address_type": "city",
        "person_id": 2242,
        "place": "מרכז שפירא",
        "approximate": true,
        "deal_id": 2426
      }
    },
    {
      "type": "Feature",
      "geometry": {
        "type": "Point",
        "coordinates": [
          35.2614238,
          32.5294958
        ]
      },
      "properties": {
        "name": "Project 0833",
        "project_number": 833,
        "address_type": "city",
        "person_id": 2243,
        "place": "רם און",
        "approximate": true,
        "deal_id": 2427
      }
    },
    {
      "type": "Feature",
      "geometry": {
        "type": "Point",
        "coordinates": [
          35.38475,
          32.9677714
        ]
      },
      "properties": {
        "name": "Project 0834",
        "project_number": 834,
        "address_type": "city",
        "person_id": 2244,
        "place": "Beit Jann",
        "approximate": true,
        "deal_id": 2428
      }
    },
    {
      "type": "Feature",
      "geometry": {
        "type": "Point",
        "coordinates": [
          35.3694582,
          32.9652996
        ]
      },
      "properties": {
        "name": "Project 0835",
        "project_number": 835,
        "address_type": "city",
        "person_id": 2245,
        "place": "Beit Jann",
        "approximate": true,
        "deal_id": 2429
      }
    },
    {
      "type": "Feature",
      "geometry": {
        "type": "Point",
        "coordinates": [
          35.5789894,
          32.660125
        ]
      },
      "properties": {
        "name": "Project 0836",
        "project_number": 836,
        "address_type": "city",
        "person_id": 2246,
        "place": "אשדות יעקב איחוד",
        "approximate": true,
        "deal_id": 2430
      }
    },
    {
      "type": "Feature",
      "geometry": {
        "type": "Point",
        "coordinates": [
          35.2839672,
          30.7704921
        ]
      },
      "properties": {
        "name": "Project 0837",
        "project_number": 837,
        "address_type": "city",
        "person_id": 2248,
        "place": "חצבה",
        "approximate": true,
        "deal_id": 2432
      }
    },
    {
      "type": "Feature",
      "geometry": {
        "type": "Point",
        "coordinates": [
          35.3779497,
          32.9655706
        ]
      },
      "properties": {
        "name": "Project 0838",
        "project_number": 838,
        "address_type": "city",
        "person_id": 2249,
        "place": "Beit Jann",
        "approximate": true,
        "deal_id": 2433
      }
    },
    {
      "type": "Feature",
      "geometry": {
        "type": "Point",
        "coordinates": [
          35.31141,
          32.9305272
        ]
      },
      "properties": {
        "name": "Project 0839",
        "project_number": 839,
        "address_type": "city",
        "person_id": 2250,
        "place": "נחף",
        "approximate": true,
        "deal_id": 2434
      }
    },
    {
      "type": "Feature",
      "geometry": {
        "type": "Point",
        "coordinates": [
          35.3754325,
          32.9724276
        ]
      },
      "properties": {
        "name": "Project 0840",
        "project_number": 840,
        "address_type": "city",
        "person_id": 2251,
        "place": "Beit Jann",
        "approximate": true,
        "deal_id": 2436
      }
    },
    {
      "type": "Feature",
      "geometry": {
        "type": "Point",
        "coordinates": [
          35.3906146,
          32.9538457
        ]
      },
      "properties": {
        "name": "Project 0841",
        "project_number": 841,
        "address_type": "city",
        "person_id": 2252,
        "place": "Beit Jann",
        "approximate": true,
        "deal_id": 2437
      }
    },
    {
      "type": "Feature",
      "geometry": {
        "type": "Point",
        "coordinates": [
          34.933612,
          31.6779946
        ]
      },
      "properties": {
        "name": "Project 0842",
        "project_number": 842,
        "address_type": "city",
        "person_id": 2253,
        "place": "שריגים (לי־און)",
        "approximate": true,
        "deal_id": 2438
      }
    },
    {
      "type": "Feature",
      "geometry": {
        "type": "Point",
        "coordinates": [
          35.1862111,
          32.9425781
        ]
      },
      "properties": {
        "name": "Project 0843",
        "project_number": 843,
        "address_type": "city",
        "person_id": 2254,
        "place": "ג'וליס",
        "approximate": true,
        "deal_id": 2439
      }
    },
    {
      "type": "Feature",
      "geometry": {
        "type": "Point",
        "coordinates": [
          35.2416355,
          32.5642663
        ]
      },
      "properties": {
        "name": "Project 0844",
        "project_number": 844,
        "address_type": "city",
        "person_id": 2255,
        "place": "אומן",
        "approximate": true,
        "deal_id": 2441
      }
    },
    {
      "type": "Feature",
      "geometry": {
        "type": "Point",
        "coordinates": [
          35.1860006,
          32.9461286
        ]
      },
      "properties": {
        "name": "Project 0845",
        "project_number": 845,
        "address_type": "city",
        "person_id": 2256,
        "place": "ג'וליס",
        "approximate": true,
        "deal_id": 2442
      }
    },
    {
      "type": "Feature",
      "geometry": {
        "type": "Point",
        "coordinates": [
          34.9161465,
          32.1942769
        ]
      },
      "properties": {
        "name": "Project 0846",
        "project_number": 846,
        "address_type": "city",
        "person_id": 2257,
        "place": "כפר סבא",
        "approximate": true,
        "deal_id": 2443
      }
    },
    {
      "type": "Feature",
      "geometry": {
        "type": "Point",
        "coordinates": [
          35.0966438,
          33.002837
        ]
      },
      "properties": {
        "name": "Project 0847",
        "project_number": 847,
        "address_type": "street",
        "person_id": 2261,
        "place": "נהריה",
        "approximate": false,
        "deal_id": 2447
      }
    },
    {
      "type": "Feature",
      "geometry": {
        "type": "Point",
        "coordinates": [
          35.6219238,
          33.2195543
        ]
      },
      "properties": {
        "name": "Project 0848",
        "project_number": 848,
        "address_type": "city",
        "person_id": 2262,
        "place": "הגושרים",
        "approximate": true,
        "deal_id": 2448
      }
    },
    {
      "type": "Feature",
      "geometry": {
        "type": "Point",
        "coordinates": [
          35.1669204,
          32.9035257
        ]
      },
      "properties": {
        "name": "Project 0849",
        "project_number": 849,
        "address_type": "city",
        "person_id": 2263,
        "place": "יסעור",
        "approximate": true,
        "deal_id": 2449
      }
    },
    {
      "type": "Feature",
      "geometry": {
        "type": "Point",
        "coordinates": [
          35.4102444,
          33.0538
        ]
      },
      "properties": {
        "name": "Project 0850",
        "project_number": 850,
        "address_type": "city",
        "person_id": 2264,
        "place": "דוב״ב",
        "approximate": true,
        "deal_id": 2450
      }
    },
    {
      "type": "Feature",
      "geometry": {
        "type": "Point",
        "coordinates": [
          35.2833751,
          32.9117877
        ]
      },
      "properties": {
        "name": "Project 0851",
        "project_number": 851,
        "address_type": "city",
        "person_id": 2265,
        "place": "כרמיאל",
        "approximate": true,
        "deal_id": 2451
      }
    },
    {
      "type": "Feature",
      "geometry": {
        "type": "Point",
        "coordinates": [
          35.0783148,
          32.9308074
        ]
      },
      "properties": {
        "name": "Project 0852",
        "project_number": 852,
        "address_type": "street",
        "person_id": 2266,
        "place": "עכו",
        "approximate": false,
        "deal_id": 2452
      }
    },
    {
      "type": "Feature",
      "geometry": {
        "type": "Point",
        "coordinates": [
          35.6115913,
          33.1745898
        ]
      },
      "properties": {
        "name": "Project 0853",
        "project_number": 853,
        "address_type": "city",
        "person_id": 2267,
        "place": "כפר בלום",
        "approximate": true,
        "deal_id": 2453
      }
    },
    {
      "type": "Feature",
      "geometry": {
        "type": "Point",
        "coordinates": [
          34.5357966,
          31.5690275
        ]
      },
      "properties": {
        "name": "Project 0854",
        "project_number": 854,
        "address_type": "city",
        "person_id": 2268,
        "place": "נתיב העשרה",
        "approximate": true,
        "deal_id": 2454
      }
    },
    {
      "type": "Feature",
      "geometry": {
        "type": "Point",
        "coordinates": [
          34.9150542,
          32.3476031
        ]
      },
      "properties": {
        "name": "Project 0855",
        "project_number": 855,
        "address_type": "city",
        "person_id": 2269,
        "place": "כפר מונש",
        "approximate": true,
        "deal_id": 2455
      }
    },
    {
      "type": "Feature",
      "geometry": {
        "type": "Point",
        "coordinates": [
          34.6746114,
          31.7551581
        ]
      },
      "properties": {
        "name": "Project 0856",
        "project_number": 856,
        "address_type": "city",
        "person_id": 2270,
        "place": "שדה עוזיהו",
        "approximate": true,
        "deal_id": 2456
      }
    },
    {
      "type": "Feature",
      "geometry": {
        "type": "Point",
        "coordinates": [
          34.9462204,
          32.5712281
        ]
      },
      "properties": {
        "name": "Project 0857",
        "project_number": 857,
        "address_type": "street",
        "person_id": 2271,
        "place": "זכרון יעקב",
        "approximate": false,
        "deal_id": 2457
      }
    },
    {
      "type": "Feature",
      "geometry": {
        "type": "Point",
        "coordinates": [
          35.4012154,
          32.8304976
        ]
      },
      "properties": {
        "name": "Project 0858",
        "project_number": 858,
        "address_type": "city",
        "person_id": 2273,
        "place": "עילבון",
        "approximate": true,
        "deal_id": 2459
      }
    },
    {
      "type": "Feature",
      "geometry": {
        "type": "Point",
        "coordinates": [
          35.2062752,
          31.260608
        ]
      },
      "properties": {
        "name": "Project 0859",
        "project_number": 859,
        "address_type": "street",
        "person_id": 2274,
        "place": "ערד",
        "approximate": false,
        "deal_id": 2460
      }
    },
    {
      "type": "Feature",
      "geometry": {
        "type": "Point",
        "coordinates": [
          35.2102715,
          31.2609348
        ]
      },
      "properties": {
        "name": "Project 0860",
        "project_number": 860,
        "address_type": "street",
        "person_id": 2275,
        "place": "ערד",
        "approximate": false,
        "deal_id": 2461
      }
    },
    {
      "type": "Feature",
      "geometry": {
        "type": "Point",
        "coordinates": [
          35.5808743,
          33.2116468
        ]
      },
      "properties": {
        "name": "Project 0861",
        "project_number": 861,
        "address_type": "city",
        "person_id": 2276,
        "place": "קרית שמונה",
        "approximate": true,
        "deal_id": 2462
      }
    },
    {
      "type": "Feature",
      "geometry": {
        "type": "Point",
        "coordinates": [
          35.5121632,
          32.3671687
        ]
      },
      "properties": {
        "name": "Project 0862",
        "project_number": 862,
        "address_type": "city",
        "person_id": 2278,
        "place": "מחולה",
        "approximate": true,
        "deal_id": 2464
      }
    },
    {
      "type": "Feature",
      "geometry": {
        "type": "Point",
        "coordinates": [
          34.9457581,
          31.3275941
        ]
      },
      "properties": {
        "name": "Project 0863",
        "project_number": 863,
        "address_type": "street",
        "person_id": 2279,
        "place": "מיתר",
        "approximate": false,
        "deal_id": 2465
      }
    },
    {
      "type": "Feature",
      "geometry": {
        "type": "Point",
        "coordinates": [
          35.2720249,
          32.9920135
        ]
      },
      "properties": {
        "name": "Project 0864",
        "project_number": 864,
        "address_type": "street",
        "person_id": 2280,
        "place": "כפר ורדים",
        "approximate": false,
        "deal_id": 2466
      }
    },
    {
      "type": "Feature",
      "geometry": {
        "type": "Point",
        "coordinates": [
          35.3576117,
          32.5618439
        ]
      },
      "properties": {
        "name": "Project 0865",
        "project_number": 865,
        "address_type": "city",
        "person_id": 2281,
        "place": "בית אלפא",
        "approximate": true,
        "deal_id": 2467
      }
    },
    {
      "type": "Feature",
      "geometry": {
        "type": "Point",
        "coordinates": [
          35.3397466,
          32.9401585
        ]
      },
      "properties": {
        "name": "Project 0866",
        "project_number": 866,
        "address_type": "city",
        "person_id": 2282,
        "place": "סאג'ור",
        "approximate": true,
        "deal_id": 2468
      }
    },
    {
      "type": "Feature",
      "geometry": {
        "type": "Point",
        "coordinates": [
          34.8575485,
          32.1912675
        ]
      },
      "properties": {
        "name": "Project 0867",
        "project_number": 867,
        "address_type": "city",
        "person_id": 2283,
        "place": "יערה",
        "approximate": true,
        "deal_id": 2469
      }
    },
    {
      "type": "Feature",
      "geometry": {
        "type": "Point",
        "coordinates": [
          35.2718587,
          32.8779072
        ]
      },
      "properties": {
        "name": "Project 0868",
        "project_number": 868,
        "address_type": "city",
        "person_id": 2284,
        "place": "יובלים",
        "approximate": true,
        "deal_id": 2470
      }
    },
    {
      "type": "Feature",
      "geometry": {
        "type": "Point",
        "coordinates": [
          34.9977439,
          32.2932734
        ]
      },
      "properties": {
        "name": "Project 0869",
        "project_number": 869,
        "address_type": "city",
        "person_id": 2285,
        "place": "שער אפרים",
        "approximate": true,
        "deal_id": 2471
      }
    },
    {
      "type": "Feature",
      "geometry": {
        "type": "Point",
        "coordinates": [
          35.2968307,
          32.9859693
        ]
      },
      "properties": {
        "name": "Project 0870",
        "project_number": 870,
        "address_type": "city",
        "person_id": 2286,
        "place": "סמיע",
        "approximate": true,
        "deal_id": 2472
      }
    },
    {
      "type": "Feature",
      "geometry": {
        "type": "Point",
        "coordinates": [
          34.9084444,
          32.4337185
        ]
      },
      "properties": {
        "name": "Project 0871",
        "project_number": 871,
        "address_type": "city",
        "person_id": 2287,
        "place": "העבודה",
        "approximate": true,
        "deal_id": 2473
      }
    },
    {
      "type": "Feature",
      "geometry": {
        "type": "Point",
        "coordinates": [
          34.9266778,
          32.4380441
        ]
      },
      "properties": {
        "name": "Project 0872",
        "project_number": 872,
        "address_type": "street",
        "person_id": 2288,
        "place": "חדרה",
        "approximate": false,
        "deal_id": 2474
      }
    },
    {
      "type": "Feature",
      "geometry": {
        "type": "Point",
        "coordinates": [
          34.9353542,
          32.0139181
        ]
      },
      "properties": {
        "name": "Project 0873",
        "project_number": 873,
        "address_type": "street",
        "person_id": 2289,
        "place": "טירת יהודה",
        "approximate": false,
        "deal_id": 2475
      }
    },
    {
      "type": "Feature",
      "geometry": {
        "type": "Point",
        "coordinates": [
          35.4959362,
          32.714336
        ]
      },
      "properties": {
        "name": "Project 0874",
        "project_number": 874,
        "address_type": "city",
        "person_id": 2290,
        "place": "בית גן",
        "approximate": true,
        "deal_id": 2476
      }
    },
    {
      "type": "Feature",
      "geometry": {
        "type": "Point",
        "coordinates": [
          34.935561,
          31.6795529
        ]
      },
      "properties": {
        "name": "Project 0875",
        "project_number": 875,
        "address_type": "city",
        "person_id": 2291,
        "place": "שריגים (לי־און)",
        "approximate": true,
        "deal_id": 2477
      }
    },
    {
      "type": "Feature",
      "geometry": {
        "type": "Point",
        "coordinates": [
          35.549688,
          33.2486558
        ]
      },
      "properties": {
        "name": "Project 0876",
        "project_number": 876,
        "address_type": "city",
        "person_id": 2292,
        "place": "משגב עם",
        "approximate": true,
        "deal_id": 2478
      }
    },
    {
      "type": "Feature",
      "geometry": {
        "type": "Point",
        "coordinates": [
          34.9817396,
          32.7670507
        ]
      },
      "properties": {
        "name": "Project 0877",
        "project_number": 877,
        "address_type": "city",
        "person_id": 2293,
        "place": "טירת כרמל",
        "approximate": true,
        "deal_id": 2479
      }
    },
    {
      "type": "Feature",
      "geometry": {
        "type": "Point",
        "coordinates": [
          35.2627385,
          32.9807347
        ]
      },
      "properties": {
        "name": "Project 0878",
        "project_number": 878,
        "address_type": "city",
        "person_id": 2294,
        "place": "מגדל תפן",
        "approximate": true,
        "deal_id": 2480
      }
    },
    {
      "type": "Feature",
      "geometry": {
        "type": "Point",
        "coordinates": [
          34.8510836,
          32.0880074
        ]
      },
      "properties": {
        "name": "Project 0879",
        "project_number": 879,
        "address_type": "city",
        "person_id": 2295,
        "place": "גבעת שמואל",
        "approximate": true,
        "deal_id": 2481
      }
    },
    {
      "type": "Feature",
      "geometry": {
        "type": "Point",
        "coordinates": [
          34.8669817,
          32.3810307
        ]
      },
      "properties": {
        "name": "Project 0880",
        "project_number": 880,
        "address_type": "city",
        "person_id": 2296,
        "place": "כפר ויתקין",
        "approximate": true,
        "deal_id": 2482
      }
    },
    {
      "type": "Feature",
      "geometry": {
        "type": "Point",
        "coordinates": [
          34.8723468,
          32.3819109
        ]
      },
      "properties": {
        "name": "Project 0881",
        "project_number": 881,
        "address_type": "city",
        "person_id": 2297,
        "place": "כפר ויתקין",
        "approximate": true,
        "deal_id": 2483
      }
    },
    {
      "type": "Feature",
      "geometry": {
        "type": "Point",
        "coordinates": [
          34.8782514,
          32.3807836
        ]
      },
      "properties": {
        "name": "Project 0882",
        "project_number": 882,
        "address_type": "city",
        "person_id": 2298,
        "place": "כפר ויתקין",
        "approximate": true,
        "deal_id": 2484
      }
    },
    {
      "type": "Feature",
      "geometry": {
        "type": "Point",
        "coordinates": [
          35.2972113,
          32.8983076
        ]
      },
      "properties": {
        "name": "Project 0883",
        "project_number": 883,
        "address_type": "street",
        "person_id": 2299,
        "place": "גילון",
        "approximate": false,
        "deal_id": 2485
      }
    },
    {
      "type": "Feature",
      "geometry": {
        "type": "Point",
        "coordinates": [
          34.5762036,
          31.4223474
        ]
      },
      "properties": {
        "name": "Project 0884",
        "project_number": 884,
        "address_type": "city",
        "person_id": 2300,
        "place": "אורי צבי גרינברג",
        "approximate": true,
        "deal_id": 2486
      }
    },
    {
      "type": "Feature",
      "geometry": {
        "type": "Point",
        "coordinates": [
          34.8417851,
          32.0762352
        ]
      },
      "properties": {
        "name": "Project 0885",
        "project_number": 885,
        "address_type": "city",
        "person_id": 2301,
        "place": "משואה",
        "approximate": true,
        "deal_id": 2488
      }
    },
    {
      "type": "Feature",
      "geometry": {
        "type": "Point",
        "coordinates": [
          35.3533481,
          32.935012
        ]
      },
      "properties": {
        "name": "Project 0886",
        "project_number": 886,
        "address_type": "city",
        "person_id": 2302,
        "place": "סאג'ור",
        "approximate": true,
        "deal_id": 2489
      }
    },
    {
      "type": "Feature",
      "geometry": {
        "type": "Point",
        "coordinates": [
          35.4985636,
          32.7068035
        ]
      },
      "properties": {
        "name": "Project 0887",
        "project_number": 887,
        "address_type": "city",
        "person_id": 2303,
        "place": "בית גן",
        "approximate": true,
        "deal_id": 2490
      }
    },
    {
      "type": "Feature",
      "geometry": {
        "type": "Point",
        "coordinates": [
          35.210291,
          31.2601231
        ]
      },
      "properties": {
        "name": "Project 0888",
        "project_number": 888,
        "address_type": "street",
        "person_id": 2304,
        "place": "ערד",
        "approximate": false,
        "deal_id": 2492
      }
    },
    {
      "type": "Feature",
      "geometry": {
        "type": "Point",
        "coordinates": [
          35.2145738,
          32.9548981
        ]
      },
      "properties": {
        "name": "Project 0889",
        "project_number": 889,
        "address_type": "city",
        "person_id": 2305,
        "place": "Yarka",
        "approximate": true,
        "deal_id": 2493
      }
    },
    {
      "type": "Feature",
      "geometry": {
        "type": "Point",
        "coordinates": [
          35.067905,
          32.6978146
        ]
      },
      "properties": {
        "name": "Project 0890",
        "project_number": 890,
        "address_type": "city",
        "person_id": 2306,
        "place": "Isfiya",
        "approximate": true,
        "deal_id": 2494
      }
    },
    {
      "type": "Feature",
      "geometry": {
        "type": "Point",
        "coordinates": [
          35.0748574,
          32.9290366
        ]
      },
      "properties": {
        "name": "Project 0891",
        "project_number": 891,
        "address_type": "street",
        "person_id": 2307,
        "place": "עכו",
        "approximate": false,
        "deal_id": 2495
      }
    },
    {
      "type": "Feature",
      "geometry": {
        "type": "Point",
        "coordinates": [
          35.0125215,
          32.8004358
        ]
      },
      "properties": {
        "name": "Project 0892",
        "project_number": 892,
        "address_type": "street",
        "person_id": 2308,
        "place": "חיפה",
        "approximate": false,
        "deal_id": 2496
      }
    },
    {
      "type": "Feature",
      "geometry": {
        "type": "Point",
        "coordinates": [
          35.3224207,
          32.7382834
        ]
      },
      "properties": {
        "name": "Project 0893",
        "project_number": 893,
        "address_type": "city",
        "person_id": 2309,
        "place": "משהד",
        "approximate": true,
        "deal_id": 2497
      }
    },
    {
      "type": "Feature",
      "geometry": {
        "type": "Point",
        "coordinates": [
          35.5112795,
          32.7826195
        ]
      },
      "properties": {
        "name": "Project 0894",
        "project_number": 894,
        "address_type": "street",
        "person_id": 2310,
        "place": "טבריה",
        "approximate": false,
        "deal_id": 2498
      }
    },
    {
      "type": "Feature",
      "geometry": {
        "type": "Point",
        "coordinates": [
          35.5077442,
          32.7905837
        ]
      },
      "properties": {
        "name": "Project 0895",
        "project_number": 895,
        "address_type": "city",
        "person_id": 2311,
        "place": "טבריה",
        "approximate": true,
        "deal_id": 2499
      }
    },
    {
      "type": "Feature",
      "geometry": {
        "type": "Point",
        "coordinates": [
          35.1482682,
          31.7900404
        ]
      },
      "properties": {
        "name": "Project 0896",
        "project_number": 896,
        "address_type": "street",
        "person_id": 2313,
        "place": "מעוז ציון",
        "approximate": false,
        "deal_id": 2501
      }
    },
    {
      "type": "Feature",
      "geometry": {
        "type": "Point",
        "coordinates": [
          35.1558479,
          32.5405645
        ]
      },
      "properties": {
        "name": "Project 0897",
        "project_number": 897,
        "address_type": "city",
        "person_id": 2314,
        "place": "Ma'ale Iron",
        "approximate": true,
        "deal_id": 2502
      }
    },
    {
      "type": "Feature",
      "geometry": {
        "type": "Point",
        "coordinates": [
          34.893196,
          32.3461648
        ]
      },
      "properties": {
        "name": "Project 0898",
        "project_number": 898,
        "address_type": "street",
        "person_id": 2315,
        "place": "בית יצחק - שער חפר",
        "approximate": false,
        "deal_id": 2503
      }
    },
    {
      "type": "Feature",
      "geometry": {
        "type": "Point",
        "coordinates": [
          34.8851828,
          31.4327398
        ]
      },
      "properties": {
        "name": "Project 0899",
        "project_number": 899,
        "address_type": "city",
        "person_id": 2316,
        "place": "שומריה",
        "approximate": true,
        "deal_id": 2504
      }
    },
    {
      "type": "Feature",
      "geometry": {
        "type": "Point",
        "coordinates": [
          34.8812077,
          31.4307666
        ]
      },
      "properties": {
        "name": "Project 0900",
        "project_number": 900,
        "address_type": "city",
        "person_id": 2317,
        "place": "שומריה",
        "approximate": true,
        "deal_id": 2505
      }
    },
    {
      "type": "Feature",
      "geometry": {
        "type": "Point",
        "coordinates": [
          34.8829631,
          31.4335296
        ]
      },
      "properties": {
        "name": "Project 0901",
        "project_number": 901,
        "address_type": "city",
        "person_id": 2318,
        "place": "שומריה",
        "approximate": true,
        "deal_id": 2506
      }
    },
    {
      "type": "Feature",
      "geometry": {
        "type": "Point",
        "coordinates": [
          34.9332659,
          31.6759338
        ]
      },
      "properties": {
        "name": "Project 0902",
        "project_number": 902,
        "address_type": "city",
        "person_id": 2319,
        "place": "שריגים (לי־און)",
        "approximate": true,
        "deal_id": 2507
      }
    },
    {
      "type": "Feature",
      "geometry": {
        "type": "Point",
        "coordinates": [
          34.9933849,
          31.7255098
        ]
      },
      "properties": {
        "name": "Project 0903",
        "project_number": 903,
        "address_type": "city",
        "person_id": 2320,
        "place": "נוה אילן",
        "approximate": true,
        "deal_id": 2508
      }
    },
    {
      "type": "Feature",
      "geometry": {
        "type": "Point",
        "coordinates": [
          35.2654667,
          32.9964417
        ]
      },
      "properties": {
        "name": "Project 0904",
        "project_number": 904,
        "address_type": "street",
        "person_id": 2321,
        "place": "כפר ורדים",
        "approximate": false,
        "deal_id": 2509
      }
    },
    {
      "type": "Feature",
      "geometry": {
        "type": "Point",
        "coordinates": [
          35.4407251,
          32.7188978
        ]
      },
      "properties": {
        "name": "Project 0905",
        "project_number": 905,
        "address_type": "city",
        "person_id": 2322,
        "place": "כפר כמא",
        "approximate": true,
        "deal_id": 2510
      }
    },
    {
      "type": "Feature",
      "geometry": {
        "type": "Point",
        "coordinates": [
          35.2773427,
          33.0149164
        ]
      },
      "properties": {
        "name": "Project 0906",
        "project_number": 906,
        "address_type": "street",
        "person_id": 2323,
        "place": "מעלות תרשיחא",
        "approximate": false,
        "deal_id": 2511
      }
    },
    {
      "type": "Feature",
      "geometry": {
        "type": "Point",
        "coordinates": [
          35.2809174,
          30.7677448
        ]
      },
      "properties": {
        "name": "Project 0907",
        "project_number": 907,
        "address_type": "city",
        "person_id": 2324,
        "place": "חצבה",
        "approximate": true,
        "deal_id": 2513
      }
    },
    {
      "type": "Feature",
      "geometry": {
        "type": "Point",
        "coordinates": [
          35.1841775,
          30.6152726
        ]
      },
      "properties": {
        "name": "Project 0908",
        "project_number": 908,
        "address_type": "city",
        "person_id": 2325,
        "place": "ספיר",
        "approximate": true,
        "deal_id": 2514
      }
    },
    {
      "type": "Feature",
      "geometry": {
        "type": "Point",
        "coordinates": [
          35.1597249,
          32.5369093
        ]
      },
      "properties": {
        "name": "Project 0909",
        "project_number": 909,
        "address_type": "city",
        "person_id": 2326,
        "place": "Ma'ale Iron",
        "approximate": true,
        "deal_id": 2515
      }
    },
    {
      "type": "Feature",
      "geometry": {
        "type": "Point",
        "coordinates": [
          34.8904234,
          32.0884303
        ]
      },
      "properties": {
        "name": "Project 0910",
        "project_number": 910,
        "address_type": "street",
        "person_id": 2327,
        "place": "פתח תקווה",
        "approximate": false,
        "deal_id": 2516
      }
    },
    {
      "type": "Feature",
      "geometry": {
        "type": "Point",
        "coordinates": [
          35.1785051,
          32.8123692
        ]
      },
      "properties": {
        "name": "Project 0911",
        "project_number": 911,
        "address_type": "city",
        "person_id": 2328,
        "place": "Shefa-Amr",
        "approximate": true,
        "deal_id": 2517
      }
    },
    {
      "type": "Feature",
      "geometry": {
        "type": "Point",
        "coordinates": [
          35.5040798,
          32.7058076
        ]
      },
      "properties": {
        "name": "Project 0912",
        "project_number": 912,
        "address_type": "city",
        "person_id": 2329,
        "place": "בית גן",
        "approximate": true,
        "deal_id": 2518
      }
    },
    {
      "type": "Feature",
      "geometry": {
        "type": "Point",
        "coordinates": [
          35.3675238,
          32.8939935
        ]
      },
      "properties": {
        "name": "Project 0913",
        "project_number": 913,
        "address_type": "city",
        "person_id": 2330,
        "place": "סלמה",
        "approximate": true,
        "deal_id": 2519
      }
    },
    {
      "type": "Feature",
      "geometry": {
        "type": "Point",
        "coordinates": [
          35.4844341,
          32.8133799
        ]
      },
      "properties": {
        "name": "Project 0914",
        "project_number": 914,
        "address_type": "city",
        "person_id": 2331,
        "place": "ארבל",
        "approximate": true,
        "deal_id": 2520
      }
    },
    {
      "type": "Feature",
      "geometry": {
        "type": "Point",
        "coordinates": [
          34.9320314,
          31.6762165
        ]
      },
      "properties": {
        "name": "Project 0915",
        "project_number": 915,
        "address_type": "city",
        "person_id": 2332,
        "place": "שריגים (לי־און)",
        "approximate": true,
        "deal_id": 2521
      }
    },
    {
      "type": "Feature",
      "geometry": {
        "type": "Point",
        "coordinates": [
          34.9016231,
          32.1839946
        ]
      },
      "properties": {
        "name": "Project 0916",
        "project_number": 916,
        "address_type": "city",
        "person_id": 2333,
        "place": "כפר סבא",
        "approximate": true,
        "deal_id": 2523
      }
    },
    {
      "type": "Feature",
      "geometry": {
        "type": "Point",
        "coordinates": [
          35.3542827,
          32.5419298
        ]
      },
      "properties": {
        "name": "Project 0917",
        "project_number": 917,
        "address_type": "street",
        "person_id": 2334,
        "place": "גן נר",
        "approximate": false,
        "deal_id": 2524
      }
    },
    {
      "type": "Feature",
      "geometry": {
        "type": "Point",
        "coordinates": [
          35.1844186,
          32.7514452
        ]
      },
      "properties": {
        "name": "Project 0918",
        "project_number": 918,
        "address_type": "city",
        "person_id": 2335,
        "place": "Ka'abiyye-Tabbash-Hajajre",
        "approximate": true,
        "deal_id": 2526
      }
    },
    {
      "type": "Feature",
      "geometry": {
        "type": "Point",
        "coordinates": [
          35.3056058,
          32.6547444
        ]
      },
      "properties": {
        "name": "Project 0919",
        "project_number": 919,
        "address_type": "city",
        "person_id": 2336,
        "place": "תל עדשים",
        "approximate": true,
        "deal_id": 2527
      }
    },
    {
      "type": "Feature",
      "geometry": {
        "type": "Point",
        "coordinates": [
          34.8758171,
          32.3814224
        ]
      },
      "properties": {
        "name": "Project 0920",
        "project_number": 920,
        "address_type": "street",
        "person_id": 2337,
        "place": "חופית",
        "approximate": false,
        "deal_id": 2528
      }
    },
    {
      "type": "Feature",
      "geometry": {
        "type": "Point",
        "coordinates": [
          35.6090469,
          32.9319595
        ]
      },
      "properties": {
        "name": "Project 0921",
        "project_number": 921,
        "address_type": "city",
        "person_id": 2338,
        "place": "כרכום",
        "approximate": true,
        "deal_id": 2529
      }
    },
    {
      "type": "Feature",
      "geometry": {
        "type": "Point",
        "coordinates": [
          35.303543,
          32.9646913
        ]
      },
      "properties": {
        "name": "Project 0922",
        "project_number": 922,
        "address_type": "city",
        "person_id": 2339,
        "place": "מסעף כסרא סומיע",
        "approximate": true,
        "deal_id": 2530
      }
    },
    {
      "type": "Feature",
      "geometry": {
        "type": "Point",
        "coordinates": [
          35.1595824,
          32.5524818
        ]
      },
      "properties": {
        "name": "Project 0923",
        "project_number": 923,
        "address_type": "city",
        "person_id": 2340,
        "place": "Ma'ale Iron",
        "approximate": true,
        "deal_id": 2531
      }
    },
    {
      "type": "Feature",
      "geometry": {
        "type": "Point",
        "coordinates": [
          35.3721854,
          32.7785624
        ]
      },
      "properties": {
        "name": "Project 0924",
        "project_number": 924,
        "address_type": "city",
        "person_id": 2341,
        "place": "Tur'an",
        "approximate": true,
        "deal_id": 2532
      }
    },
    {
      "type": "Feature",
      "geometry": {
        "type": "Point",
        "coordinates": [
          34.9469757,
          31.6697081
        ]
      },
      "properties": {
        "name": "Project 0925",
        "project_number": 925,
        "address_type": "city",
        "person_id": 2342,
        "place": "גבעת ישעיהו",
        "approximate": true,
        "deal_id": 2533
      }
    },
    {
      "type": "Feature",
      "geometry": {
        "type": "Point",
        "coordinates": [
          35.3363336,
          32.9433292
        ]
      },
      "properties": {
        "name": "Project 0926",
        "project_number": 926,
        "address_type": "city",
        "person_id": 2343,
        "place": "סאג'ור",
        "approximate": true,
        "deal_id": 2534
      }
    },
    {
      "type": "Feature",
      "geometry": {
        "type": "Point",
        "coordinates": [
          35.3851043,
          32.9576046
        ]
      },
      "properties": {
        "name": "Project 0927",
        "project_number": 927,
        "address_type": "city",
        "person_id": 2344,
        "place": "Beit Jann",
        "approximate": true,
        "deal_id": 2535
      }
    },
    {
      "type": "Feature",
      "geometry": {
        "type": "Point",
        "coordinates": [
          35.5983321,
          32.9697636
        ]
      },
      "properties": {
        "name": "Project 0928",
        "project_number": 928,
        "address_type": "city",
        "person_id": 2345,
        "place": "Tuba-Zangariyye",
        "approximate": true,
        "deal_id": 2536
      }
    },
    {
      "type": "Feature",
      "geometry": {
        "type": "Point",
        "coordinates": [
          35.1416063,
          32.9309572
        ]
      },
      "properties": {
        "name": "Project 0929",
        "project_number": 929,
        "address_type": "city",
        "person_id": 2346,
        "place": "Jadeidi-Makr",
        "approximate": true,
        "deal_id": 2537
      }
    },
    {
      "type": "Feature",
      "geometry": {
        "type": "Point",
        "coordinates": [
          35.0712799,
          32.718153
        ]
      },
      "properties": {
        "name": "Project 0930",
        "project_number": 930,
        "address_type": "city",
        "person_id": 2347,
        "place": "Isfiya",
        "approximate": true,
        "deal_id": 2538
      }
    },
    {
      "type": "Feature",
      "geometry": {
        "type": "Point",
        "coordinates": [
          35.0421917,
          32.69903
        ]
      },
      "properties": {
        "name": "Project 0931",
        "project_number": 931,
        "address_type": "city",
        "person_id": 2348,
        "place": "Daliyat al-Karmel",
        "approximate": true,
        "deal_id": 2539
      }
    },
    {
      "type": "Feature",
      "geometry": {
        "type": "Point",
        "coordinates": [
          35.1879,
          32.9377741
        ]
      },
      "properties": {
        "name": "Project 0932",
        "project_number": 932,
        "address_type": "city",
        "person_id": 2349,
        "place": "ג'וליס",
        "approximate": true,
        "deal_id": 2541
      }
    },
    {
      "type": "Feature",
      "geometry": {
        "type": "Point",
        "coordinates": [
          35.2771692,
          32.9302417
        ]
      },
      "properties": {
        "name": "Project 0933",
        "project_number": 933,
        "address_type": "city",
        "person_id": 2350,
        "place": "בענה",
        "approximate": true,
        "deal_id": 2542
      }
    },
    {
      "type": "Feature",
      "geometry": {
        "type": "Point",
        "coordinates": [
          35.0959704,
          32.9868044
        ]
      },
      "properties": {
        "name": "Project 0934",
        "project_number": 934,
        "address_type": "city",
        "person_id": 2351,
        "place": "Mazra'a",
        "approximate": true,
        "deal_id": 2543
      }
    },
    {
      "type": "Feature",
      "geometry": {
        "type": "Point",
        "coordinates": [
          35.5061635,
          32.6998819
        ]
      },
      "properties": {
        "name": "Project 0935",
        "project_number": 935,
        "address_type": "city",
        "person_id": 2352,
        "place": "בית גן",
        "approximate": true,
        "deal_id": 2544
      }
    },
    {
      "type": "Feature",
      "geometry": {
        "type": "Point",
        "coordinates": [
          35.1599311,
          32.8039042
        ]
      },
      "properties": {
        "name": "Project 0936",
        "project_number": 936,
        "address_type": "city",
        "person_id": 2354,
        "place": "Shefa-Amr",
        "approximate": true,
        "deal_id": 2546
      }
    },
    {
      "type": "Feature",
      "geometry": {
        "type": "Point",
        "coordinates": [
          34.8629615,
          32.1697494
        ]
      },
      "properties": {
        "name": "Project 0937",
        "project_number": 937,
        "address_type": "street",
        "person_id": 2355,
        "place": "הרצליה",
        "approximate": false,
        "deal_id": 2547
      }
    },
    {
      "type": "Feature",
      "geometry": {
        "type": "Point",
        "coordinates": [
          35.3965273,
          32.896073
        ]
      },
      "properties": {
        "name": "Project 0938",
        "project_number": 938,
        "address_type": "city",
        "person_id": 2356,
        "place": "Maghar",
        "approximate": true,
        "deal_id": 2550
      }
    },
    {
      "type": "Feature",
      "geometry": {
        "type": "Point",
        "coordinates": [
          35.163331,
          32.9020407
        ]
      },
      "properties": {
        "name": "Project 0939",
        "project_number": 939,
        "address_type": "city",
        "person_id": 2357,
        "place": "יסעור",
        "approximate": true,
        "deal_id": 2551
      }
    },
    {
      "type": "Feature",
      "geometry": {
        "type": "Point",
        "coordinates": [
          34.7134303,
          31.7910359
        ]
      },
      "properties": {
        "name": "Project 0940",
        "project_number": 940,
        "address_type": "city",
        "person_id": 2358,
        "place": "הרצל",
        "approximate": true,
        "deal_id": 2552
      }
    },
    {
      "type": "Feature",
      "geometry": {
        "type": "Point",
        "coordinates": [
          35.5729462,
          33.21933
        ]
      },
      "properties": {
        "name": "Project 0941",
        "project_number": 941,
        "address_type": "city",
        "person_id": 2359,
        "place": "קרית שמונה",
        "approximate": true,
        "deal_id": 2553
      }
    },
    {
      "type": "Feature",
      "geometry": {
        "type": "Point",
        "coordinates": [
          34.9137096,
          32.4330168
        ]
      },
      "properties": {
        "name": "Project 0942",
        "project_number": 942,
        "address_type": "city",
        "person_id": 2360,
        "place": "חדרה",
        "approximate": true,
        "deal_id": 2554
      }
    },
    {
      "type": "Feature",
      "geometry": {
        "type": "Point",
        "coordinates": [
          35.091621,
          32.8010221
        ]
      },
      "properties": {
        "name": "Project 0943",
        "project_number": 943,
        "address_type": "city",
        "person_id": 2361,
        "place": "קרית אתא",
        "approximate": true,
        "deal_id": 2555
      }
    },
    {
      "type": "Feature",
      "geometry": {
        "type": "Point",
        "coordinates": [
          34.9149572,
          32.0628764
        ]
      },
      "properties": {
        "name": "Project 0944",
        "project_number": 944,
        "address_type": "street",
        "person_id": 2362,
        "place": "נחלים",
        "approximate": false,
        "deal_id": 2556
      }
    },
    {
      "type": "Feature",
      "geometry": {
        "type": "Point",
        "coordinates": [
          35.1637054,
          32.7977177
        ]
      },
      "properties": {
        "name": "Project 0945",
        "project_number": 945,
        "address_type": "city",
        "person_id": 2363,
        "place": "עדי",
        "approximate": true,
        "deal_id": 2557
      }
    },
    {
      "type": "Feature",
      "geometry": {
        "type": "Point",
        "coordinates": [
          34.6747993,
          31.7534336
        ]
      },
      "properties": {
        "name": "Project 0947",
        "project_number": 947,
        "address_type": "city",
        "person_id": 2365,
        "place": "שדה עוזיהו",
        "approximate": true,
        "deal_id": 2559
      }
    },
    {
      "type": "Feature",
      "geometry": {
        "type": "Point",
        "coordinates": [
          35.291788,
          32.907218
        ]
      },
      "properties": {
        "name": "Project 0948",
        "project_number": 948,
        "address_type": "street",
        "person_id": 2366,
        "place": "כרמיאל",
        "approximate": false,
        "deal_id": 2560
      }
    },
    {
      "type": "Feature",
      "geometry": {
        "type": "Point",
        "coordinates": [
          35.6217608,
          33.2204483
        ]
      },
      "properties": {
        "name": "Project 0949",
        "project_number": 949,
        "address_type": "city",
        "person_id": 2368,
        "place": "הגושרים",
        "approximate": true,
        "deal_id": 2563
      }
    },
    {
      "type": "Feature",
      "geometry": {
        "type": "Point",
        "coordinates": [
          34.910403,
          32.1790167
        ]
      },
      "properties": {
        "name": "Project 0950",
        "project_number": 950,
        "address_type": "city",
        "person_id": 2369,
        "place": "כפר סבא",
        "approximate": true,
        "deal_id": 2564
      }
    },
    {
      "type": "Feature",
      "geometry": {
        "type": "Point",
        "coordinates": [
          35.4978486,
          32.7111641
        ]
      },
      "properties": {
        "name": "Project 0951",
        "project_number": 951,
        "address_type": "city",
        "person_id": 2370,
        "place": "בית גן",
        "approximate": true,
        "deal_id": 2565
      }
    },
    {
      "type": "Feature",
      "geometry": {
        "type": "Point",
        "coordinates": [
          35.2000329,
          31.2538039
        ]
      },
      "properties": {
        "name": "Project 0952",
        "project_number": 952,
        "address_type": "city",
        "person_id": 2371,
        "place": "ערד",
        "approximate": true,
        "deal_id": 2566
      }
    },
    {
      "type": "Feature",
      "geometry": {
        "type": "Point",
        "coordinates": [
          34.861819,
          31.9464253
        ]
      },
      "properties": {
        "name": "Project 0953",
        "project_number": 953,
        "address_type": "city",
        "person_id": 2372,
        "place": "ניר צבי",
        "approximate": true,
        "deal_id": 2567
      }
    },
    {
      "type": "Feature",
      "geometry": {
        "type": "Point",
        "coordinates": [
          35.281345,
          33.0432468
        ]
      },
      "properties": {
        "name": "Project 0954",
        "project_number": 954,
        "address_type": "street",
        "person_id": 2373,
        "place": "מעונה",
        "approximate": false,
        "deal_id": 2568
      }
    },
    {
      "type": "Feature",
      "geometry": {
        "type": "Point",
        "coordinates": [
          34.8929892,
          32.0653804
        ]
      },
      "properties": {
        "name": "Project 0955",
        "project_number": 955,
        "address_type": "city",
        "person_id": 2374,
        "place": "האורנים",
        "approximate": true,
        "deal_id": 2569
      }
    },
    {
      "type": "Feature",
      "geometry": {
        "type": "Point",
        "coordinates": [
          35.3706478,
          32.8940522
        ]
      },
      "properties": {
        "name": "Project 0956",
        "project_number": 956,
        "address_type": "city",
        "person_id": 2375,
        "place": "Sallama",
        "approximate": true,
        "deal_id": 2570
      }
    },
    {
      "type": "Feature",
      "geometry": {
        "type": "Point",
        "coordinates": [
          34.7892812,
          31.9293917
        ]
      },
      "properties": {
        "name": "Project 0957",
        "project_number": 957,
        "address_type": "street",
        "person_id": 2376,
        "place": "נס ציונה",
        "approximate": false,
        "deal_id": 2571
      }
    },
    {
      "type": "Feature",
      "geometry": {
        "type": "Point",
        "coordinates": [
          34.8534869,
          32.2941263
        ]
      },
      "properties": {
        "name": "Project 0958",
        "project_number": 958,
        "address_type": "street",
        "person_id": 2377,
        "place": "נתניה",
        "approximate": false,
        "deal_id": 2572
      }
    },
    {
      "type": "Feature",
      "geometry": {
        "type": "Point",
        "coordinates": [
          35.1534565,
          32.2130317
        ]
      },
      "properties": {
        "name": "Project 0959",
        "project_number": 959,
        "address_type": "city",
        "person_id": 2378,
        "place": "קדומים",
        "approximate": true,
        "deal_id": 2573
      }
    },
    {
      "type": "Feature",
      "geometry": {
        "type": "Point",
        "coordinates": [
          35.5421344,
          32.9821005
        ]
      },
      "properties": {
        "name": "Project 0960",
        "project_number": 960,
        "address_type": "street",
        "person_id": 2379,
        "place": "חצור הגלילית",
        "approximate": false,
        "deal_id": 2574
      }
    },
    {
      "type": "Feature",
      "geometry": {
        "type": "Point",
        "coordinates": [
          34.9162696,
          32.2919875
        ]
      },
      "properties": {
        "name": "Project 0961",
        "project_number": 961,
        "address_type": "city",
        "person_id": 2380,
        "place": "צור משה",
        "approximate": true,
        "deal_id": 2575
      }
    },
    {
      "type": "Feature",
      "geometry": {
        "type": "Point",
        "coordinates": [
          34.9120731,
          32.3032413
        ]
      },
      "properties": {
        "name": "Project 0962",
        "project_number": 962,
        "address_type": "city",
        "person_id": 2381,
        "place": "צור משה",
        "approximate": true,
        "deal_id": 2576
      }
    },
    {
      "type": "Feature",
      "geometry": {
        "type": "Point",
        "coordinates": [
          35.0495067,
          32.1205247
        ]
      },
      "properties": {
        "name": "Project 0963",
        "project_number": 963,
        "address_type": "city",
        "person_id": 2382,
        "place": "עץ אפרים",
        "approximate": true,
        "deal_id": 2577
      }
    },
    {
      "type": "Feature",
      "geometry": {
        "type": "Point",
        "coordinates": [
          35.3531064,
          32.9321268
        ]
      },
      "properties": {
        "name": "Project 0964",
        "project_number": 964,
        "address_type": "city",
        "person_id": 2383,
        "place": "סאג'ור",
        "approximate": true,
        "deal_id": 2578
      }
    },
    {
      "type": "Feature",
      "geometry": {
        "type": "Point",
        "coordinates": [
          34.7765682,
          31.8115021
        ]
      },
      "properties": {
        "name": "Project 0965",
        "project_number": 965,
        "address_type": "city",
        "person_id": 2384,
        "place": "קדרון",
        "approximate": true,
        "deal_id": 2579
      }
    },
    {
      "type": "Feature",
      "geometry": {
        "type": "Point",
        "coordinates": [
          34.9225612,
          32.1566775
        ]
      },
      "properties": {
        "name": "Project 0966",
        "project_number": 966,
        "address_type": "street",
        "person_id": 2385,
        "place": "אלישמע",
        "approximate": false,
        "deal_id": 2580
      }
    },
    {
      "type": "Feature",
      "geometry": {
        "type": "Point",
        "coordinates": [
          35.1494638,
          33.0779446
        ]
      },
      "properties": {
        "name": "Project 0967",
        "project_number": 967,
        "address_type": "city",
        "person_id": 2386,
        "place": "שלומי",
        "approximate": true,
        "deal_id": 2581
      }
    },
    {
      "type": "Feature",
      "geometry": {
        "type": "Point",
        "coordinates": [
          35.0765261,
          32.9269951
        ]
      },
      "properties": {
        "name": "Project 0968",
        "project_number": 968,
        "address_type": "street",
        "person_id": 2387,
        "place": "עכו",
        "approximate": false,
        "deal_id": 2582
      }
    },
    {
      "type": "Feature",
      "geometry": {
        "type": "Point",
        "coordinates": [
          35.2943192,
          32.906269
        ]
      },
      "properties": {
        "name": "Project 0969",
        "project_number": 969,
        "address_type": "street",
        "person_id": 2388,
        "place": "כרמיאל",
        "approximate": false,
        "deal_id": 2583
      }
    },
    {
      "type": "Feature",
      "geometry": {
        "type": "Point",
        "coordinates": [
          35.2740669,
          32.9728743
        ]
      },
      "properties": {
        "name": "Project 0970",
        "project_number": 970,
        "address_type": "city",
        "person_id": 2389,
        "place": "מגדל תפן",
        "approximate": true,
        "deal_id": 2584
      }
    },
    {
      "type": "Feature",
      "geometry": {
        "type": "Point",
        "coordinates": [
          35.1637554,
          32.9764629
        ]
      },
      "properties": {
        "name": "Project 0971",
        "project_number": 971,
        "address_type": "city",
        "person_id": 2390,
        "place": "עמקה",
        "approximate": true,
        "deal_id": 2585
      }
    },
    {
      "type": "Feature",
      "geometry": {
        "type": "Point",
        "coordinates": [
          35.1592495,
          32.9843202
        ]
      },
      "properties": {
        "name": "Project 0972",
        "project_number": 972,
        "address_type": "city",
        "person_id": 2391,
        "place": "עמקה",
        "approximate": true,
        "deal_id": 2586
      }
    },
    {
      "type": "Feature",
      "geometry": {
        "type": "Point",
        "coordinates": [
          35.2669459,
          32.9958192
        ]
      },
      "properties": {
        "name": "Project 0973",
        "project_number": 973,
        "address_type": "street",
        "person_id": 2392,
        "place": "כפר ורדים",
        "approximate": false,
        "deal_id": 2587
      }
    },
    {
      "type": "Feature",
      "geometry": {
        "type": "Point",
        "coordinates": [
          34.8537575,
          31.923392
        ]
      },
      "properties": {
        "name": "Project 0974",
        "project_number": 974,
        "address_type": "city",
        "person_id": 2393,
        "place": "רמלה",
        "approximate": true,
        "deal_id": 2588
      }
    },
    {
      "type": "Feature",
      "geometry": {
        "type": "Point",
        "coordinates": [
          35.3424968,
          32.7450825
        ]
      },
      "properties": {
        "name": "Project 0975",
        "project_number": 975,
        "address_type": "city",
        "person_id": 2394,
        "place": "כפר כנא",
        "approximate": true,
        "deal_id": 2589
      }
    },
    {
      "type": "Feature",
      "geometry": {
        "type": "Point",
        "coordinates": [
          35.0799204,
          32.9319817
        ]
      },
      "properties": {
        "name": "Project 0976",
        "project_number": 976,
        "address_type": "street",
        "person_id": 2395,
        "place": "עכו",
        "approximate": false,
        "deal_id": 2590
      }
    },
    {
      "type": "Feature",
      "geometry": {
        "type": "Point",
        "coordinates": [
          35.5213211,
          32.7798429
        ]
      },
      "properties": {
        "name": "Project 0977",
        "project_number": 977,
        "address_type": "street",
        "person_id": 2396,
        "place": "טבריה",
        "approximate": false,
        "deal_id": 2591
      }
    },
    {
      "type": "Feature",
      "geometry": {
        "type": "Point",
        "coordinates": [
          35.2849333,
          33.0168693
        ]
      },
      "properties": {
        "name": "Project 0978",
        "project_number": 978,
        "address_type": "street",
        "person_id": 2397,
        "place": "מעלות תרשיחא",
        "approximate": false,
        "deal_id": 2592
      }
    },
    {
      "type": "Feature",
      "geometry": {
        "type": "Point",
        "coordinates": [
          35.1628949,
          32.9509043
        ]
      },
      "properties": {
        "name": "Project 0979",
        "project_number": 979,
        "address_type": "city",
        "person_id": 2398,
        "place": "Kafr Yasif",
        "approximate": true,
        "deal_id": 2607
      }
    },
    {
      "type": "Feature",
      "geometry": {
        "type": "Point",
        "coordinates": [
          35.5006459,
          32.9768852
        ]
      },
      "properties": {
        "name": "Project 0980",
        "project_number": 980,
        "address_type": "street",
        "person_id": 2399,
        "place": "ביריה",
        "approximate": true,
        "deal_id": 2609
      }
    },
    {
      "type": "Feature",
      "geometry": {
        "type": "Point",
        "coordinates": [
          35.096917,
          33.0038166
        ]
      },
      "properties": {
        "name": "Project 0981",
        "project_number": 981,
        "address_type": "street",
        "person_id": 2400,
        "place": "נהריה",
        "approximate": false,
        "deal_id": 2610
      }
    },
    {
      "type": "Feature",
      "geometry": {
        "type": "Point",
        "coordinates": [
          35.0961698,
          33.0048242
        ]
      },
      "properties": {
        "name": "Project 0982",
        "project_number": 982,
        "address_type": "street",
        "person_id": 2401,
        "place": "נהריה",
        "approximate": false,
        "deal_id": 2611
      }
    },
    {
      "type": "Feature",
      "geometry": {
        "type": "Point",
        "coordinates": [
          34.6368153,
          31.3683455
        ]
      },
      "properties": {
        "name": "Project 0983",
        "project_number": 983,
        "address_type": "city",
        "person_id": 2402,
        "place": "ברוש",
        "approximate": true,
        "deal_id": 2612
      }
    },
    {
      "type": "Feature",
      "geometry": {
        "type": "Point",
        "coordinates": [
          35.5006089,
          32.4923232
        ]
      },
      "properties": {
        "name": "Project 0984",
        "project_number": 984,
        "address_type": "city",
        "person_id": 2403,
        "place": "בית שאן",
        "approximate": true,
        "deal_id": 2613
      }
    },
    {
      "type": "Feature",
      "geometry": {
        "type": "Point",
        "coordinates": [
          34.3142722,
          31.144356
        ]
      },
      "properties": {
        "name": "Project 0985",
        "project_number": 985,
        "address_type": "city",
        "person_id": 2404,
        "place": "בני נצרים",
        "approximate": true,
        "deal_id": 2614
      }
    },
    {
      "type": "Feature",
      "geometry": {
        "type": "Point",
        "coordinates": [
          35.6091756,
          33.1716785
        ]
      },
      "properties": {
        "name": "Project 0986",
        "project_number": 986,
        "address_type": "street",
        "person_id": 2406,
        "place": "פלגי מים",
        "approximate": false,
        "deal_id": 2619
      }
    },
    {
      "type": "Feature",
      "geometry": {
        "type": "Point",
        "coordinates": [
          35.312164,
          32.8653228
        ]
      },
      "properties": {
        "name": "Project 0987",
        "project_number": 987,
        "address_type": "city",
        "person_id": 2407,
        "place": "Sakhnin",
        "approximate": true,
        "deal_id": 2620
      }
    },
    {
      "type": "Feature",
      "geometry": {
        "type": "Point",
        "coordinates": [
          35.3620443,
          32.9084951
        ]
      },
      "properties": {
        "name": "Project 0988",
        "project_number": 988,
        "address_type": "city",
        "person_id": 2408,
        "place": "כמון",
        "approximate": true,
        "deal_id": 2621
      }
    },
    {
      "type": "Feature",
      "geometry": {
        "type": "Point",
        "coordinates": [
          35.3768235,
          32.9583785
        ]
      },
      "properties": {
        "name": "Project 0989",
        "project_number": 989,
        "address_type": "city",
        "person_id": 2409,
        "place": "Beit Jann",
        "approximate": true,
        "deal_id": 2622
      }
    },
    {
      "type": "Feature",
      "geometry": {
        "type": "Point",
        "coordinates": [
          34.8844437,
          32.27685
        ]
      },
      "properties": {
        "name": "Project 0990",
        "project_number": 990,
        "address_type": "street",
        "person_id": 2410,
        "place": "אבן יהודה",
        "approximate": false,
        "deal_id": 2623
      }
    },
    {
      "type": "Feature",
      "geometry": {
        "type": "Point",
        "coordinates": [
          35.3413276,
          32.9451165
        ]
      },
      "properties": {
        "name": "Project 0991",
        "project_number": 991,
        "address_type": "city",
        "person_id": 2411,
        "place": "סאג'ור",
        "approximate": true,
        "deal_id": 2624
      }
    },
    {
      "type": "Feature",
      "geometry": {
        "type": "Point",
        "coordinates": [
          34.8808176,
          31.9584414
        ]
      },
      "properties": {
        "name": "Project 0992",
        "project_number": 992,
        "address_type": "street",
        "person_id": 2412,
        "place": "לוד",
        "approximate": false,
        "deal_id": 2625
      }
    },
    {
      "type": "Feature",
      "geometry": {
        "type": "Point",
        "coordinates": [
          34.7516586,
          31.821081
        ]
      },
      "properties": {
        "name": "Project 0993",
        "project_number": 993,
        "address_type": "street",
        "person_id": 2413,
        "place": "מישר",
        "approximate": false,
        "deal_id": 2626
      }
    },
    {
      "type": "Feature",
      "geometry": {
        "type": "Point",
        "coordinates": [
          35.5450353,
          33.2146492
        ]
      },
      "properties": {
        "name": "Project 0994",
        "project_number": 994,
        "address_type": "city",
        "person_id": 2414,
        "place": "מרגליות",
        "approximate": true,
        "deal_id": 2627
      }
    },
    {
      "type": "Feature",
      "geometry": {
        "type": "Point",
        "coordinates": [
          35.5438982,
          33.2182298
        ]
      },
      "properties": {
        "name": "Project 0995",
        "project_number": 995,
        "address_type": "city",
        "person_id": 2415,
        "place": "מרגליות",
        "approximate": true,
        "deal_id": 2628
      }
    },
    {
      "type": "Feature",
      "geometry": {
        "type": "Point",
        "coordinates": [
          35.5039191,
          32.4997921
        ]
      },
      "properties": {
        "name": "Project 0996",
        "project_number": 996,
        "address_type": "city",
        "person_id": 2416,
        "place": "נחום היימן",
        "approximate": true,
        "deal_id": 2629
      }
    },
    {
      "type": "Feature",
      "geometry": {
        "type": "Point",
        "coordinates": [
          35.1072179,
          32.7539202
        ]
      },
      "properties": {
        "name": "Project 0997",
        "project_number": 997,
        "address_type": "street",
        "person_id": 2417,
        "place": "נופית",
        "approximate": false,
        "deal_id": 2630
      }
    },
    {
      "type": "Feature",
      "geometry": {
        "type": "Point",
        "coordinates": [
          35.2547205,
          32.9856016
        ]
      },
      "properties": {
        "name": "Project 0998",
        "project_number": 998,
        "address_type": "city",
        "person_id": 2418,
        "place": "Yanuh-Jat",
        "approximate": true,
        "deal_id": 2631
      }
    },
    {
      "type": "Feature",
      "geometry": {
        "type": "Point",
        "coordinates": [
          35.6117443,
          33.1721697
        ]
      },
      "properties": {
        "name": "Project 0999",
        "project_number": 999,
        "address_type": "street",
        "person_id": 2419,
        "place": "פלגי מים",
        "approximate": false,
        "deal_id": 2632
      }
    },
    {
      "type": "Feature",
      "geometry": {
        "type": "Point",
        "coordinates": [
          34.879948,
          31.9465261
        ]
      },
      "properties": {
        "name": "Project 1000",
        "project_number": 1000,
        "address_type": "street",
        "person_id": 2420,
        "place": "לוד",
        "approximate": false,
        "deal_id": 2634
      }
    },
    {
      "type": "Feature",
      "geometry": {
        "type": "Point",
        "coordinates": [
          34.9830397,
          32.4706148
        ]
      },
      "properties": {
        "name": "Project 1001",
        "project_number": 1001,
        "address_type": "city",
        "person_id": 2421,
        "place": "פרדס חנה-כרכור",
        "approximate": true,
        "deal_id": 2637
      }
    },
    {
      "type": "Feature",
      "geometry": {
        "type": "Point",
        "coordinates": [
          35.6510476,
          33.2311426
        ]
      },
      "properties": {
        "name": "Project 1002",
        "project_number": 1002,
        "address_type": "city",
        "person_id": 2422,
        "place": "שאר ישוב",
        "approximate": true,
        "deal_id": 2638
      }
    },
    {
      "type": "Feature",
      "geometry": {
        "type": "Point",
        "coordinates": [
          35.2231741,
          31.2469217
        ]
      },
      "properties": {
        "name": "Project 1003",
        "project_number": 1003,
        "address_type": "city",
        "person_id": 2423,
        "place": "ערד",
        "approximate": true,
        "deal_id": 2639
      }
    },
    {
      "type": "Feature",
      "geometry": {
        "type": "Point",
        "coordinates": [
          34.7588727,
          31.6140874
        ]
      },
      "properties": {
        "name": "Project 1004",
        "project_number": 1004,
        "address_type": "street",
        "person_id": 2424,
        "place": "קרית גת",
        "approximate": false,
        "deal_id": 2640
      }
    },
    {
      "type": "Feature",
      "geometry": {
        "type": "Point",
        "coordinates": [
          34.7560195,
          31.6175352
        ]
      },
      "properties": {
        "name": "Project 1005",
        "project_number": 1005,
        "address_type": "city",
        "person_id": 2425,
        "place": "קרית גת",
        "approximate": true,
        "deal_id": 2641
      }
    },
    {
      "type": "Feature",
      "geometry": {
        "type": "Point",
        "coordinates": [
          34.7553422,
          31.6020336
        ]
      },
      "properties": {
        "name": "Project 1006",
        "project_number": 1006,
        "address_type": "city",
        "person_id": 2426,
        "place": "קרית גת",
        "approximate": true,
        "deal_id": 2642
      }
    },
    {
      "type": "Feature",
      "geometry": {
        "type": "Point",
        "coordinates": [
          35.3137364,
          32.9371206
        ]
      },
      "properties": {
        "name": "Project 1007",
        "project_number": 1007,
        "address_type": "city",
        "person_id": 2427,
        "place": "נחף",
        "approximate": true,
        "deal_id": 2643
      }
    },
    {
      "type": "Feature",
      "geometry": {
        "type": "Point",
        "coordinates": [
          35.3272197,
          32.9403175
        ]
      },
      "properties": {
        "name": "Project 1008",
        "project_number": 1008,
        "address_type": "city",
        "person_id": 2428,
        "place": "נחף",
        "approximate": true,
        "deal_id": 2644
      }
    },
    {
      "type": "Feature",
      "geometry": {
        "type": "Point",
        "coordinates": [
          35.7701354,
          33.1811712
        ]
      },
      "properties": {
        "name": "Project 1009",
        "project_number": 1009,
        "address_type": "city",
        "person_id": 2429,
        "place": "אל-רום",
        "approximate": true,
        "deal_id": 2645
      }
    },
    {
      "type": "Feature",
      "geometry": {
        "type": "Point",
        "coordinates": [
          35.2904953,
          32.6108606
        ]
      },
      "properties": {
        "name": "Project 1010",
        "project_number": 1010,
        "address_type": "city",
        "person_id": 2430,
        "place": "עפולה",
        "approximate": true,
        "deal_id": 2650
      }
    },
    {
      "type": "Feature",
      "geometry": {
        "type": "Point",
        "coordinates": [
          35.3312218,
          32.9404641
        ]
      },
      "properties": {
        "name": "Project 1011",
        "project_number": 1011,
        "address_type": "city",
        "person_id": 2431,
        "place": "נחף",
        "approximate": true,
        "deal_id": 2658
      }
    },
    {
      "type": "Feature",
      "geometry": {
        "type": "Point",
        "coordinates": [
          34.9174829,
          32.2495586
        ]
      },
      "properties": {
        "name": "Project 1012",
        "project_number": 1012,
        "address_type": "street",
        "person_id": 2432,
        "place": "תל מונד",
        "approximate": false,
        "deal_id": 2659
      }
    },
    {
      "type": "Feature",
      "geometry": {
        "type": "Point",
        "coordinates": [
          35.0492282,
          32.6855394
        ]
      },
      "properties": {
        "name": "Project 1013",
        "project_number": 1013,
        "address_type": "city",
        "person_id": 2433,
        "place": "Daliyat al-Karmel",
        "approximate": true,
        "deal_id": 2660
      }
    },
    {
      "type": "Feature",
      "geometry": {
        "type": "Point",
        "coordinates": [
          34.9360074,
          31.6791879
        ]
      },
      "properties": {
        "name": "Project 1014",
        "project_number": 1014,
        "address_type": "city",
        "person_id": 2434,
        "place": "שריגים (לי־און)",
        "approximate": true,
        "deal_id": 2661
      }
    },
    {
      "type": "Feature",
      "geometry": {
        "type": "Point",
        "coordinates": [
          35.0709702,
          32.8256992
        ]
      },
      "properties": {
        "name": "Project 1015",
        "project_number": 1015,
        "address_type": "city",
        "person_id": 2435,
        "place": "קריית מוצקין",
        "approximate": true,
        "deal_id": 2662
      }
    },
    {
      "type": "Feature",
      "geometry": {
        "type": "Point",
        "coordinates": [
          35.1795878,
          32.9618586
        ]
      },
      "properties": {
        "name": "Project 1016",
        "project_number": 1016,
        "address_type": "city",
        "person_id": 2436,
        "place": "Abu Snan",
        "approximate": true,
        "deal_id": 2663
      }
    },
    {
      "type": "Feature",
      "geometry": {
        "type": "Point",
        "coordinates": [
          35.1582515,
          32.9552203
        ]
      },
      "properties": {
        "name": "Project 1017",
        "project_number": 1017,
        "address_type": "city",
        "person_id": 2437,
        "place": "Abu Snan",
        "approximate": true,
        "deal_id": 2664
      }
    },
    {
      "type": "Feature",
      "geometry": {
        "type": "Point",
        "coordinates": [
          35.0952931,
          33.0035299
        ]
      },
      "properties": {
        "name": "Project 1018",
        "project_number": 1018,
        "address_type": "street",
        "person_id": 63,
        "place": "נהריה",
        "approximate": false,
        "deal_id": 70
      }
    },
    {
      "type": "Feature",
      "geometry": {
        "type": "Point",
        "coordinates": [
          34.5470207,
          31.4481382
        ]
      },
      "properties": {
        "name": "Project 1019",
        "project_number": 1019,
        "address_type": "street",
        "person_id": 19,
        "place": "שובה",
        "approximate": true,
        "deal_id": 105
      }
    },
    {
      "type": "Feature",
      "geometry": {
        "type": "Point",
        "coordinates": [
          34.7869086,
          32.0166526
        ]
      },
      "properties": {
        "name": "Project 1020",
        "project_number": 1020,
        "address_type": "street",
        "person_id": 1641,
        "place": "חולון",
        "approximate": false,
        "deal_id": 1710
      }
    },
    {
      "type": "Feature",
      "geometry": {
        "type": "Point",
        "coordinates": [
          35.2340032,
          32.8262597
        ]
      },
      "properties": {
        "name": "Project 1021",
        "project_number": 1021,
        "address_type": "city",
        "person_id": 1779,
        "place": "מורשת",
        "approximate": true,
        "deal_id": 1884
      }
    },
    {
      "type": "Feature",
      "geometry": {
        "type": "Point",
        "coordinates": [
          35.3814411,
          32.9665168
        ]
      },
      "properties": {
        "name": "Project 1022",
        "project_number": 1022,
        "address_type": "street",
        "person_id": 1816,
        "place": "בית ג'ן",
        "approximate": true,
        "deal_id": 1911
      }
    },
    {
      "type": "Feature",
      "geometry": {
        "type": "Point",
        "coordinates": [
          35.217232,
          32.8668348
        ]
      },
      "properties": {
        "name": "Project 1023",
        "project_number": 1023,
        "address_type": "city",
        "person_id": 1857,
        "place": "כאבול",
        "approximate": true,
        "deal_id": 1963
      }
    },
    {
      "type": "Feature",
      "geometry": {
        "type": "Point",
        "coordinates": [
          35.5796251,
          33.2154664
        ]
      },
      "properties": {
        "name": "Project 1024",
        "project_number": 1024,
        "address_type": "street",
        "person_id": 151,
        "place": "קרית שמונה",
        "approximate": false,
        "deal_id": 2066
      }
    },
    {
      "type": "Feature",
      "geometry": {
        "type": "Point",
        "coordinates": [
          35.2906511,
          32.9175425
        ]
      },
      "properties": {
        "name": "Project 1025",
        "project_number": 1025,
        "address_type": "city",
        "person_id": 149,
        "place": "כרמיאל",
        "approximate": true,
        "deal_id": 2068
      }
    },
    {
      "type": "Feature",
      "geometry": {
        "type": "Point",
        "coordinates": [
          35.1657179,
          32.9560142
        ]
      },
      "properties": {
        "name": "Project 1026",
        "project_number": 1026,
        "address_type": "city",
        "person_id": 147,
        "place": "כפר יאסיף",
        "approximate": true,
        "deal_id": 2159
      }
    },
    {
      "type": "Feature",
      "geometry": {
        "type": "Point",
        "coordinates": [
          35.3492128,
          33.0160911
        ]
      },
      "properties": {
        "name": "Project 1027",
        "project_number": 1027,
        "address_type": "city",
        "person_id": 1876,
        "place": "חורפיש",
        "approximate": true,
        "deal_id": 2166
      }
    },
    {
      "type": "Feature",
      "geometry": {
        "type": "Point",
        "coordinates": [
          35.3828149,
          32.9685574
        ]
      },
      "properties": {
        "name": "Project 1028",
        "project_number": 1028,
        "address_type": "street",
        "person_id": 1816,
        "place": "בית ג'ן",
        "approximate": true,
        "deal_id": 2187
      }
    },
    {
      "type": "Feature",
      "geometry": {
        "type": "Point",
        "coordinates": [
          35.3785394,
          32.964517
        ]
      },
      "properties": {
        "name": "Project 1029",
        "project_number": 1029,
        "address_type": "street",
        "person_id": 1816,
        "place": "בית ג'ן",
        "approximate": true,
        "deal_id": 2195
      }
    },
    {
      "type": "Feature",
      "geometry": {
        "type": "Point",
        "coordinates": [
          34.6703959,
          31.5615908
        ]
      },
      "properties": {
        "name": "Project 1030",
        "project_number": 1030,
        "address_type": "street",
        "person_id": 2042,
        "place": "תלמים",
        "approximate": true,
        "deal_id": 2215
      }
    },
    {
      "type": "Feature",
      "geometry": {
        "type": "Point",
        "coordinates": [
          35.1459104,
          32.7390135
        ]
      },
      "properties": {
        "name": "Project 1031",
        "project_number": 1031,
        "address_type": "city",
        "person_id": 2078,
        "place": "בסמת טבעון",
        "approximate": true,
        "deal_id": 2274
      }
    },
    {
      "type": "Feature",
      "geometry": {
        "type": "Point",
        "coordinates": [
          35.1151712,
          32.7607574
        ]
      },
      "properties": {
        "name": "Project 1032",
        "project_number": 1032,
        "address_type": "city",
        "person_id": 226,
        "place": "Ibtin",
        "approximate": true,
        "deal_id": 2275
      }
    },
    {
      "type": "Feature",
      "geometry": {
        "type": "Point",
        "coordinates": [
          35.3805706,
          32.6780104
        ]
      },
      "properties": {
        "name": "Project 1033",
        "project_number": 1033,
        "address_type": "city",
        "person_id": 1795,
        "place": "Daburiyya",
        "approximate": true,
        "deal_id": 2279
      }
    },
    {
      "type": "Feature",
      "geometry": {
        "type": "Point",
        "coordinates": [
          34.7654989,
          31.5729079
        ]
      },
      "properties": {
        "name": "Project 1034",
        "project_number": 1034,
        "address_type": "city",
        "person_id": 1608,
        "place": "אבן שמואל",
        "approximate": true,
        "deal_id": 2294
      }
    },
    {
      "type": "Feature",
      "geometry": {
        "type": "Point",
        "coordinates": [
          34.9061685,
          32.139337
        ]
      },
      "properties": {
        "name": "Project 1035",
        "project_number": 1035,
        "address_type": "city",
        "person_id": 1807,
        "place": "עדנים",
        "approximate": true,
        "deal_id": 2394
      }
    },
    {
      "type": "Feature",
      "geometry": {
        "type": "Point",
        "coordinates": [
          35.0033108,
          32.8079483
        ]
      },
      "properties": {
        "name": "Project 1036",
        "project_number": 1036,
        "address_type": "city",
        "person_id": 1729,
        "place": "צפרירים",
        "approximate": true,
        "deal_id": 2407
      }
    },
    {
      "type": "Feature",
      "geometry": {
        "type": "Point",
        "coordinates": [
          35.1620488,
          32.9598127
        ]
      },
      "properties": {
        "name": "Project 1037",
        "project_number": 1037,
        "address_type": "city",
        "person_id": 2238,
        "place": "Abu Snan",
        "approximate": true,
        "deal_id": 2422
      }
    },
    {
      "type": "Feature",
      "geometry": {
        "type": "Point",
        "coordinates": [
          35.3197972,
          32.9353184
        ]
      },
      "properties": {
        "name": "Project 1038",
        "project_number": 1038,
        "address_type": "city",
        "person_id": 2250,
        "place": "נחף",
        "approximate": true,
        "deal_id": 2435
      }
    },
    {
      "type": "Feature",
      "geometry": {
        "type": "Point",
        "coordinates": [
          35.4950264,
          32.5038948
        ]
      },
      "properties": {
        "name": "Project 1039",
        "project_number": 1039,
        "address_type": "street",
        "person_id": 188,
        "place": "בית שאן",
        "approximate": false,
        "deal_id": 2487
      }
    },
    {
      "type": "Feature",
      "geometry": {
        "type": "Point",
        "coordinates": [
          35.1480217,
          33.0223374
        ]
      },
      "properties": {
        "name": "Project 1040",
        "project_number": 1040,
        "address_type": "city",
        "person_id": 2051,
        "place": "כברי",
        "approximate": true,
        "deal_id": 2491
      }
    },
    {
      "type": "Feature",
      "geometry": {
        "type": "Point",
        "coordinates": [
          34.9432422,
          32.6880409
        ]
      },
      "properties": {
        "name": "Project 1041",
        "project_number": 1041,
        "address_type": "city",
        "person_id": 1982,
        "place": "עתלית",
        "approximate": true,
        "deal_id": 2512
      }
    },
    {
      "type": "Feature",
      "geometry": {
        "type": "Point",
        "coordinates": [
          35.160365,
          32.9731532
        ]
      },
      "properties": {
        "name": "Project 1042",
        "project_number": 1042,
        "address_type": "city",
        "person_id": 1614,
        "place": "Abu Snan",
        "approximate": true,
        "deal_id": 2522
      }
    },
    {
      "type": "Feature",
      "geometry": {
        "type": "Point",
        "coordinates": [
          35.3770679,
          32.9631879
        ]
      },
      "properties": {
        "name": "Project 1043",
        "project_number": 1043,
        "address_type": "city",
        "person_id": 1604,
        "place": "Beit Jann",
        "approximate": true,
        "deal_id": 2525
      }
    },
    {
      "type": "Feature",
      "geometry": {
        "type": "Point",
        "coordinates": [
          35.3829669,
          32.9649426
        ]
      },
      "properties": {
        "name": "Project 1044",
        "project_number": 1044,
        "address_type": "city",
        "person_id": 1603,
        "place": "Beit Jann",
        "approximate": true,
        "deal_id": 2540
      }
    },
    {
      "type": "Feature",
      "geometry": {
        "type": "Point",
        "coordinates": [
          35.4650935,
          31.9056327
        ]
      },
      "properties": {
        "name": "Project 1045",
        "project_number": 1045,
        "address_type": "city",
        "person_id": 1669,
        "place": "נעמה",
        "approximate": true,
        "deal_id": 2548
      }
    },
    {
      "type": "Feature",
      "geometry": {
        "type": "Point",
        "coordinates": [
          34.5762715,
          31.4463128
        ]
      },
      "properties": {
        "name": "Project 1046",
        "project_number": 1046,
        "address_type": "city",
        "person_id": 1850,
        "place": "תקומה",
        "approximate": true,
        "deal_id": 2549
      }
    },
    {
      "type": "Feature",
      "geometry": {
        "type": "Point",
        "coordinates": [
          35.2986861,
          32.9109999
        ]
      },
      "properties": {
        "name": "Project 1047",
        "project_number": 1047,
        "address_type": "street",
        "person_id": 1921,
        "place": "כרמיאל",
        "approximate": false,
        "deal_id": 2562
      }
    },
    {
      "type": "Feature",
      "geometry": {
        "type": "Point",
        "coordinates": [
          35.086835,
          32.9925634
        ]
      },
      "properties": {
        "name": "Project 1048",
        "project_number": 1048,
        "address_type": "city",
        "person_id": 1905,
        "place": "נהריה",
        "approximate": true,
        "deal_id": 2593
      }
    },
    {
      "type": "Feature",
      "geometry": {
        "type": "Point",
        "coordinates": [
          35.1871818,
          32.9531969
        ]
      },
      "properties": {
        "name": "Project 1049",
        "project_number": 1049,
        "address_type": "city",
        "person_id": 1714,
        "place": "ירכא",
        "approximate": true,
        "deal_id": 2594
      }
    },
    {
      "type": "Feature",
      "geometry": {
        "type": "Point",
        "coordinates": [
          35.1614575,
          32.7991845
        ]
      },
      "properties": {
        "name": "Project 1050",
        "project_number": 1050,
        "address_type": "city",
        "person_id": 2328,
        "place": "Shefa-Amr",
        "approximate": true,
        "deal_id": 2595
      }
    },
    {
      "type": "Feature",
      "geometry": {
        "type": "Point",
        "coordinates": [
          35.1164338,
          32.7614585
        ]
      },
      "properties": {
        "name": "Project 1051",
        "project_number": 1051,
        "address_type": "city",
        "person_id": 2050,
        "place": "Ibtin",
        "approximate": true,
        "deal_id": 2596
      }
    },
    {
      "type": "Feature",
      "geometry": {
        "type": "Point",
        "coordinates": [
          34.996406,
          32.813017
        ]
      },
      "properties": {
        "name": "Project 1052",
        "project_number": 1052,
        "address_type": "city",
        "person_id": 1845,
        "place": "חיפה",
        "approximate": true,
        "deal_id": 2597
      }
    },
    {
      "type": "Feature",
      "geometry": {
        "type": "Point",
        "coordinates": [
          35.1768613,
          32.9404096
        ]
      },
      "properties": {
        "name": "Project 1053",
        "project_number": 1053,
        "address_type": "city",
        "person_id": 1593,
        "place": "ג'וליס",
        "approximate": true,
        "deal_id": 2598
      }
    },
    {
      "type": "Feature",
      "geometry": {
        "type": "Point",
        "coordinates": [
          34.7675059,
          31.5723058
        ]
      },
      "properties": {
        "name": "Project 1054",
        "project_number": 1054,
        "address_type": "city",
        "person_id": 1601,
        "place": "אבן שמואל",
        "approximate": true,
        "deal_id": 2599
      }
    },
    {
      "type": "Feature",
      "geometry": {
        "type": "Point",
        "coordinates": [
          35.496945,
          32.9554531
        ]
      },
      "properties": {
        "name": "Project 1055",
        "project_number": 1055,
        "address_type": "city",
        "person_id": 2086,
        "place": "צפת",
        "approximate": true,
        "deal_id": 2600
      }
    },
    {
      "type": "Feature",
      "geometry": {
        "type": "Point",
        "coordinates": [
          35.3474857,
          33.0222422
        ]
      },
      "properties": {
        "name": "Project 1056",
        "project_number": 1056,
        "address_type": "city",
        "person_id": 1872,
        "place": "Hurfeish",
        "approximate": true,
        "deal_id": 2601
      }
    },
    {
      "type": "Feature",
      "geometry": {
        "type": "Point",
        "coordinates": [
          34.7680821,
          31.5752451
        ]
      },
      "properties": {
        "name": "Project 1057",
        "project_number": 1057,
        "address_type": "city",
        "person_id": 1608,
        "place": "אבן שמואל",
        "approximate": true,
        "deal_id": 2602
      }
    },
    {
      "type": "Feature",
      "geometry": {
        "type": "Point",
        "coordinates": [
          35.0850066,
          32.7988998
        ]
      },
      "properties": {
        "name": "Project 1058",
        "project_number": 1058,
        "address_type": "city",
        "person_id": 102,
        "place": "קרית אתא",
        "approximate": true,
        "deal_id": 2603
      }
    },
    {
      "type": "Feature",
      "geometry": {
        "type": "Point",
        "coordinates": [
          35.4696868,
          31.9054825
        ]
      },
      "properties": {
        "name": "Project 1059",
        "project_number": 1059,
        "address_type": "city",
        "person_id": 1669,
        "place": "נעמה",
        "approximate": true,
        "deal_id": 2604
      }
    },
    {
      "type": "Feature",
      "geometry": {
        "type": "Point",
        "coordinates": [
          35.1269998,
          31.9541938
        ]
      },
      "properties": {
        "name": "Project 1060",
        "project_number": 1060,
        "address_type": "city",
        "person_id": 1874,
        "place": "נריה",
        "approximate": true,
        "deal_id": 2605
      }
    },
    {
      "type": "Feature",
      "geometry": {
        "type": "Point",
        "coordinates": [
          35.321571,
          32.7058496
        ]
      },
      "properties": {
        "name": "Project 1061",
        "project_number": 1061,
        "address_type": "street",
        "person_id": 1783,
        "place": "נוף הגליל",
        "approximate": false,
        "deal_id": 2606
      }
    },
    {
      "type": "Feature",
      "geometry": {
        "type": "Point",
        "coordinates": [
          34.8188583,
          32.0750312
        ]
      },
      "properties": {
        "name": "Project 1062",
        "project_number": 1062,
        "address_type": "city",
        "person_id": 2301,
        "place": "משואה",
        "approximate": true,
        "deal_id": 2608
      }
    },
    {
      "type": "Feature",
      "geometry": {
        "type": "Point",
        "coordinates": [
          35.5225485,
          32.9646379
        ]
      },
      "properties": {
        "name": "Project 1063",
        "project_number": 1063,
        "address_type": "city",
        "person_id": 2211,
        "place": "צפת",
        "approximate": true,
        "deal_id": 2615
      }
    },
    {
      "type": "Feature",
      "geometry": {
        "type": "Point",
        "coordinates": [
          35.1834587,
          32.9418286
        ]
      },
      "properties": {
        "name": "Project 1064",
        "project_number": 1064,
        "address_type": "city",
        "person_id": 1772,
        "place": "ג'וליס",
        "approximate": true,
        "deal_id": 2616
      }
    },
    {
      "type": "Feature",
      "geometry": {
        "type": "Point",
        "coordinates": [
          35.3579415,
          32.9397583
        ]
      },
      "properties": {
        "name": "Project 1065",
        "project_number": 1065,
        "address_type": "city",
        "person_id": 21,
        "place": "ראמה",
        "approximate": true,
        "deal_id": 2617
      }
    },
    {
      "type": "Feature",
      "geometry": {
        "type": "Point",
        "coordinates": [
          34.7523229,
          31.6100094
        ]
      },
      "properties": {
        "name": "Project 1066",
        "project_number": 1066,
        "address_type": "city",
        "person_id": 1774,
        "place": "נחל לכיש",
        "approximate": true,
        "deal_id": 2633
      }
    },
    {
      "type": "Feature",
      "geometry": {
        "type": "Point",
        "coordinates": [
          34.7321771,
          31.7286647
        ]
      },
      "properties": {
        "name": "Project 1067",
        "project_number": 1067,
        "address_type": "city",
        "person_id": 176,
        "place": "חצב",
        "approximate": true,
        "deal_id": 2635
      }
    },
    {
      "type": "Feature",
      "geometry": {
        "type": "Point",
        "coordinates": [
          34.9188452,
          32.2971618
        ]
      },
      "properties": {
        "name": "Project 1068",
        "project_number": 1068,
        "address_type": "city",
        "person_id": 2161,
        "place": "צור משה",
        "approximate": true,
        "deal_id": 2646
      }
    },
    {
      "type": "Feature",
      "geometry": {
        "type": "Point",
        "coordinates": [
          35.4696803,
          32.446056
        ]
      },
      "properties": {
        "name": "Project 1069",
        "project_number": 1069,
        "address_type": "city",
        "person_id": 22,
        "place": "רוויה",
        "approximate": true,
        "deal_id": 2647
      }
    },
    {
      "type": "Feature",
      "geometry": {
        "type": "Point",
        "coordinates": [
          35.1723472,
          32.9105945
        ]
      },
      "properties": {
        "name": "Project 1070",
        "project_number": 1070,
        "address_type": "city",
        "person_id": 189,
        "place": "אחיהוד",
        "approximate": true,
        "deal_id": 2648
      }
    },
    {
      "type": "Feature",
      "geometry": {
        "type": "Point",
        "coordinates": [
          34.9093627,
          32.1805157
        ]
      },
      "properties": {
        "name": "Project 1071",
        "project_number": 1071,
        "address_type": "city",
        "person_id": 2369,
        "place": "כפר סבא",
        "approximate": true,
        "deal_id": 2649
      }
    },
    {
      "type": "Feature",
      "geometry": {
        "type": "Point",
        "coordinates": [
          34.8206594,
          31.4136302
        ]
      },
      "properties": {
        "name": "Project 1072",
        "project_number": 1072,
        "address_type": "city",
        "person_id": 2221,
        "place": "דביר",
        "approximate": true,
        "deal_id": 2651
      }
    },
    {
      "type": "Feature",
      "geometry": {
        "type": "Point",
        "coordinates": [
          35.2983163,
          32.6995215
        ]
      },
      "properties": {
        "name": "Project 1073",
        "project_number": 1073,
        "address_type": "city",
        "person_id": 1567,
        "place": "נצרת",
        "approximate": true,
        "deal_id": 2652
      }
    },
    {
      "type": "Feature",
      "geometry": {
        "type": "Point",
        "coordinates": [
          35.6096177,
          33.1707359
        ]
      },
      "properties": {
        "name": "Project 1074",
        "project_number": 1074,
        "address_type": "street",
        "person_id": 211,
        "place": "פלגי מים",
        "approximate": false,
        "deal_id": 2653
      }
    },
    {
      "type": "Feature",
      "geometry": {
        "type": "Point",
        "coordinates": [
          35.3663266,
          32.8892552
        ]
      },
      "properties": {
        "name": "Project 1075",
        "project_number": 1075,
        "address_type": "city",
        "person_id": 1908,
        "place": "סלמה",
        "approximate": true,
        "deal_id": 2654
      }
    },
    {
      "type": "Feature",
      "geometry": {
        "type": "Point",
        "coordinates": [
          35.2726481,
          32.9920307
        ]
      },
      "properties": {
        "name": "Project 1076",
        "project_number": 1076,
        "address_type": "street",
        "person_id": 2280,
        "place": "כפר ורדים",
        "approximate": false,
        "deal_id": 2655
      }
    },
    {
      "type": "Feature",
      "geometry": {
        "type": "Point",
        "coordinates": [
          35.4220253,
          32.6893854
        ]
      },
      "properties": {
        "name": "Project 1077",
        "project_number": 1077,
        "address_type": "street",
        "person_id": 2218,
        "place": "כפר תבור",
        "approximate": false,
        "deal_id": 2656
      }
    },
    {
      "type": "Feature",
      "geometry": {
        "type": "Point",
        "coordinates": [
          35.2033529,
          32.872073
        ]
      },
      "properties": {
        "name": "Project 1078",
        "project_number": 1078,
        "address_type": "city",
        "person_id": 61,
        "place": "Kabul",
        "approximate": true,
        "deal_id": 2657
      }
    },
    {
      "type": "Feature",
      "geometry": {
        "type": "Point",
        "coordinates": [
          35.2497142,
          32.9817947
        ]
      },
      "properties": {
        "name": "Project 1079",
        "project_number": 1079,
        "address_type": "city",
        "person_id": 2438,
        "place": "Yanuh-Jat",
        "approximate": true,
        "deal_id": 2665
      }
    },
    {
      "type": "Feature",
      "geometry": {
        "type": "Point",
        "coordinates": [
          34.8611591,
          31.9244292
        ]
      },
      "properties": {
        "name": "Project 1080",
        "project_number": 1080,
        "address_type": "street",
        "person_id": 2439,
        "place": "רמלה",
        "approximate": false,
        "deal_id": 2666
      }
    },
    {
      "type": "Feature",
      "geometry": {
        "type": "Point",
        "coordinates": [
          35.2959632,
          33.0002455
        ]
      },
      "properties": {
        "name": "Project 1081",
        "project_number": 1081,
        "address_type": "city",
        "person_id": 2061,
        "place": "חוסן",
        "approximate": true,
        "deal_id": 2230
      }
    },
    {
      "type": "Feature",
      "geometry": {
        "type": "Point",
        "coordinates": [
          34.9080925,
          32.1401322
        ]
      },
      "properties": {
        "name": "Project 1082",
        "project_number": 1082,
        "address_type": "city",
        "person_id": 2076,
        "place": "עדנים",
        "approximate": true,
        "deal_id": 2246
      }
    },
    {
      "type": "Feature",
      "geometry": {
        "type": "Point",
        "coordinates": [
          35.2709328,
          32.9303822
        ]
      },
      "properties": {
        "name": "Project 1083",
        "project_number": 1083,
        "address_type": "city",
        "person_id": 2440,
        "place": "Deir al-Asad",
        "approximate": true,
        "deal_id": 2667
      }
    },
    {
      "type": "Feature",
      "geometry": {
        "type": "Point",
        "coordinates": [
          35.1594786,
          33.0612216
        ]
      },
      "properties": {
        "name": "Project 1084",
        "project_number": 1084,
        "address_type": "city",
        "person_id": 2441,
        "place": "מצובה",
        "approximate": true,
        "deal_id": 2668
      }
    },
    {
      "type": "Feature",
      "geometry": {
        "type": "Point",
        "coordinates": [
          35.7960951,
          32.9375947
        ]
      },
      "properties": {
        "name": "Project 1085",
        "project_number": 1085,
        "address_type": "city",
        "person_id": 2442,
        "place": "יונתן",
        "approximate": true,
        "deal_id": 2669
      }
    },
    {
      "type": "Feature",
      "geometry": {
        "type": "Point",
        "coordinates": [
          34.9032891,
          32.5090026
        ]
      },
      "properties": {
        "name": "Project 1086",
        "project_number": 1086,
        "address_type": "street",
        "person_id": 2443,
        "place": "קיסריה",
        "approximate": false,
        "deal_id": 2670
      }
    },
    {
      "type": "Feature",
      "geometry": {
        "type": "Point",
        "coordinates": [
          34.5471825,
          31.4513191
        ]
      },
      "properties": {
        "name": "Project 1087",
        "project_number": 1087,
        "address_type": "city",
        "person_id": 1687,
        "place": "שובה",
        "approximate": true,
        "deal_id": 1744
      }
    },
    {
      "type": "Feature",
      "geometry": {
        "type": "Point",
        "coordinates": [
          34.5780465,
          31.4157811
        ]
      },
      "properties": {
        "name": "Project 1088",
        "project_number": 1088,
        "address_type": "city",
        "person_id": 1689,
        "place": "נתיבות",
        "approximate": true,
        "deal_id": 1746
      }
    },
    {
      "type": "Feature",
      "geometry": {
        "type": "Point",
        "coordinates": [
          35.3204922,
          33.0659206
        ]
      },
      "properties": {
        "name": "Project 1089",
        "project_number": 1089,
        "address_type": "city",
        "person_id": 1723,
        "place": "נטועה",
        "approximate": true,
        "deal_id": 1781
      }
    },
    {
      "type": "Feature",
      "geometry": {
        "type": "Point",
        "coordinates": [
          34.8350685,
          32.1648422
        ]
      },
      "properties": {
        "name": "Project 1090",
        "project_number": 1090,
        "address_type": "street",
        "person_id": 1733,
        "place": "הרצליה",
        "approximate": false,
        "deal_id": 1790
      }
    },
    {
      "type": "Feature",
      "geometry": {
        "type": "Point",
        "coordinates": [
          35.3226139,
          33.0629222
        ]
      },
      "properties": {
        "name": "Project 1091",
        "project_number": 1091,
        "address_type": "city",
        "person_id": 1723,
        "place": "נטועה",
        "approximate": true,
        "deal_id": 1797
      }
    },
    {
      "type": "Feature",
      "geometry": {
        "type": "Point",
        "coordinates": [
          35.2878956,
          32.9120445
        ]
      },
      "properties": {
        "name": "Project 1092",
        "project_number": 1092,
        "address_type": "city",
        "person_id": 2106,
        "place": "כרמיאל",
        "approximate": true,
        "deal_id": 2272
      }
    },
    {
      "type": "Feature",
      "geometry": {
        "type": "Point",
        "coordinates": [
          34.8343371,
          32.1644341
        ]
      },
      "properties": {
        "name": "Project 1093",
        "project_number": 1093,
        "address_type": "street",
        "person_id": 1733,
        "place": "הרצליה",
        "approximate": false,
        "deal_id": 2324
      }
    },
    {
      "type": "Feature",
      "geometry": {
        "type": "Point",
        "coordinates": [
          35.5719013,
          33.2769614
        ]
      },
      "properties": {
        "name": "Project 1094",
        "project_number": 1094,
        "address_type": "city",
        "person_id": 2260,
        "place": "מטולה",
        "approximate": true,
        "deal_id": 2446
      }
    },
    {
      "type": "Feature",
      "geometry": {
        "type": "Point",
        "coordinates": [
          35.2203254,
          32.7824629
        ]
      },
      "properties": {
        "name": "Project 1095",
        "project_number": 1095,
        "address_type": "city",
        "person_id": 2405,
        "place": "ביר אל מכסור",
        "approximate": true,
        "deal_id": 2618
      }
    },
    {
      "type": "Feature",
      "geometry": {
        "type": "Point",
        "coordinates": [
          34.5513085,
          31.4463941
        ]
      },
      "properties": {
        "name": "Project 1096",
        "project_number": 1096,
        "address_type": "city",
        "person_id": 1687,
        "place": "שובה",
        "approximate": true,
        "deal_id": 2636
      }
    },
    {
      "type": "Feature",
      "geometry": {
        "type": "Point",
        "coordinates": [
          35.6175142,
          33.2216699
        ]
      },
      "properties": {
        "name": "Project 1097",
        "project_number": 1097,
        "address_type": "city",
        "person_id": 2444,
        "place": "הגושרים",
        "approximate": true,
        "deal_id": 2671
      }
    },
    {
      "type": "Feature",
      "geometry": {
        "type": "Point",
        "coordinates": [
          35.5349145,
          32.7469788
        ]
      },
      "properties": {
        "name": "Project 1098",
        "project_number": 1098,
        "address_type": "street",
        "person_id": 2445,
        "place": "פוריה - נווה עובד",
        "approximate": false,
        "deal_id": 2672
      }
    },
    {
      "type": "Feature",
      "geometry": {
        "type": "Point",
        "coordinates": [
          35.2248298,
          32.6640675
        ]
      },
      "properties": {
        "name": "Project 1099",
        "project_number": 1099,
        "address_type": "city",
        "person_id": 1757,
        "place": "מגדל העמק",
        "approximate": true,
        "deal_id": 2673
      }
    },
    {
      "type": "Feature",
      "geometry": {
        "type": "Point",
        "coordinates": [
          35.0684559,
          32.7184699
        ]
      },
      "properties": {
        "name": "Project 1100",
        "project_number": 1100,
        "address_type": "street",
        "person_id": 2446,
        "place": "Isfiya",
        "approximate": false,
        "deal_id": 2674
      }
    },
    {
      "type": "Feature",
      "geometry": {
        "type": "Point",
        "coordinates": [
          35.6860867,
          32.9940543
        ]
      },
      "properties": {
        "name": "Project 1101",
        "project_number": 1101,
        "address_type": "street",
        "person_id": 2447,
        "place": "קצרין",
        "approximate": false,
        "deal_id": 2675
      }
    },
    {
      "type": "Feature",
      "geometry": {
        "type": "Point",
        "coordinates": [
          35.6074778,
          33.1739336
        ]
      },
      "properties": {
        "name": "Project 1102",
        "project_number": 1102,
        "address_type": "city",
        "person_id": 2267,
        "place": "כפר בלום",
        "approximate": true,
        "deal_id": 2676
      }
    },
    {
      "type": "Feature",
      "geometry": {
        "type": "Point",
        "coordinates": [
          34.5943156,
          31.5267687
        ]
      },
      "properties": {
        "name": "Project 1103",
        "project_number": 1103,
        "address_type": "street",
        "person_id": 2448,
        "place": "שדרות",
        "approximate": false,
        "deal_id": 2677
      }
    },
    {
      "type": "Feature",
      "geometry": {
        "type": "Point",
        "coordinates": [
          35.0898288,
          32.9188851
        ]
      },
      "properties": {
        "name": "Project 1104",
        "project_number": 1104,
        "address_type": "street",
        "person_id": 2449,
        "place": "עכו",
        "approximate": false,
        "deal_id": 2678
      }
    },
    {
      "type": "Feature",
      "geometry": {
        "type": "Point",
        "coordinates": [
          35.2327867,
          33.0118462
        ]
      },
      "properties": {
        "name": "Project 1105",
        "project_number": 1105,
        "address_type": "street",
        "person_id": 2450,
        "place": "עין יעקב",
        "approximate": false,
        "deal_id": 2679
      }
    },
    {
      "type": "Feature",
      "geometry": {
        "type": "Point",
        "coordinates": [
          35.0669171,
          32.8472173
        ]
      },
      "properties": {
        "name": "Project 1106",
        "project_number": 1106,
        "address_type": "street",
        "person_id": 2451,
        "place": "קריית ים",
        "approximate": false,
        "deal_id": 2680
      }
    },
    {
      "type": "Feature",
      "geometry": {
        "type": "Point",
        "coordinates": [
          35.5469701,
          32.7285927
        ]
      },
      "properties": {
        "name": "Project 1107",
        "project_number": 1107,
        "address_type": "city",
        "person_id": 2452,
        "place": "פוריה עילית",
        "approximate": true,
        "deal_id": 2681
      }
    },
    {
      "type": "Feature",
      "geometry": {
        "type": "Point",
        "coordinates": [
          35.4211732,
          32.6868645
        ]
      },
      "properties": {
        "name": "Project 1108",
        "project_number": 1108,
        "address_type": "street",
        "person_id": 2453,
        "place": "כפר תבור",
        "approximate": false,
        "deal_id": 2682
      }
    },
    {
      "type": "Feature",
      "geometry": {
        "type": "Point",
        "coordinates": [
          35.5054967,
          32.9685065
        ]
      },
      "properties": {
        "name": "Project 1109",
        "project_number": 1109,
        "address_type": "city",
        "person_id": 2454,
        "place": "צפת",
        "approximate": true,
        "deal_id": 2683
      }
    },
    {
      "type": "Feature",
      "geometry": {
        "type": "Point",
        "coordinates": [
          35.0416896,
          32.6997878
        ]
      },
      "properties": {
        "name": "Project 1110",
        "project_number": 1110,
        "address_type": "city",
        "person_id": 2455,
        "place": "Daliyat al-Karmel",
        "approximate": true,
        "deal_id": 2684
      }
    },
    {
      "type": "Feature",
      "geometry": {
        "type": "Point",
        "coordinates": [
          35.2924244,
          32.9158563
        ]
      },
      "properties": {
        "name": "Project 1111",
        "project_number": 1111,
        "address_type": "street",
        "person_id": 2456,
        "place": "כרמיאל",
        "approximate": false,
        "deal_id": 2685
      }
    },
    {
      "type": "Feature",
      "geometry": {
        "type": "Point",
        "coordinates": [
          34.815152,
          31.8773042
        ]
      },
      "properties": {
        "name": "Project 1112",
        "project_number": 1112,
        "address_type": "street",
        "person_id": 2458,
        "place": "כפר ביל\"ו",
        "approximate": false,
        "deal_id": 2687
      }
    },
    {
      "type": "Feature",
      "geometry": {
        "type": "Point",
        "coordinates": [
          34.8168427,
          31.8769652
        ]
      },
      "properties": {
        "name": "Project 1113",
        "project_number": 1113,
        "address_type": "street",
        "person_id": 2459,
        "place": "כפר ביל\"ו",
        "approximate": false,
        "deal_id": 2688
      }
    },
    {
      "type": "Feature",
      "geometry": {
        "type": "Point",
        "coordinates": [
          35.6764935,
          33.2442509
        ]
      },
      "properties": {
        "name": "Project 1114",
        "project_number": 1114,
        "address_type": "city",
        "person_id": 2460,
        "place": "שניר",
        "approximate": true,
        "deal_id": 2689
      }
    },
    {
      "type": "Feature",
      "geometry": {
        "type": "Point",
        "coordinates": [
          35.5465415,
          32.9519447
        ]
      },
      "properties": {
        "name": "Project 1115",
        "project_number": 1115,
        "address_type": "city",
        "person_id": 2461,
        "place": "אליפלט",
        "approximate": true,
        "deal_id": 2690
      }
    },
    {
      "type": "Feature",
      "geometry": {
        "type": "Point",
        "coordinates": [
          34.8866653,
          31.4304392
        ]
      },
      "properties": {
        "name": "Project 1116",
        "project_number": 1116,
        "address_type": "city",
        "person_id": 2462,
        "place": "שומריה",
        "approximate": true,
        "deal_id": 2691
      }
    },
    {
      "type": "Feature",
      "geometry": {
        "type": "Point",
        "coordinates": [
          35.2794677,
          32.9937535
        ]
      },
      "properties": {
        "name": "Project 1117",
        "project_number": 1117,
        "address_type": "street",
        "person_id": 2463,
        "place": "כפר ורדים",
        "approximate": false,
        "deal_id": 2692
      }
    },
    {
      "type": "Feature",
      "geometry": {
        "type": "Point",
        "coordinates": [
          35.0746246,
          32.9279227
        ]
      },
      "properties": {
        "name": "Project 1118",
        "project_number": 1118,
        "address_type": "street",
        "person_id": 2464,
        "place": "עכו",
        "approximate": false,
        "deal_id": 2693
      }
    },
    {
      "type": "Feature",
      "geometry": {
        "type": "Point",
        "coordinates": [
          35.3621844,
          32.908601
        ]
      },
      "properties": {
        "name": "Project 1119",
        "project_number": 1119,
        "address_type": "city",
        "person_id": 2466,
        "place": "כמון",
        "approximate": true,
        "deal_id": 2695
      }
    },
    {
      "type": "Feature",
      "geometry": {
        "type": "Point",
        "coordinates": [
          35.1473473,
          32.5050989
        ]
      },
      "properties": {
        "name": "Project 1120",
        "project_number": 1120,
        "address_type": "street",
        "person_id": 2467,
        "place": "מי עמי",
        "approximate": false,
        "deal_id": 2696
      }
    },
    {
      "type": "Feature",
      "geometry": {
        "type": "Point",
        "coordinates": [
          35.2206494,
          32.7163537
        ]
      },
      "properties": {
        "name": "Project 1121",
        "project_number": 1121,
        "address_type": "city",
        "person_id": 2468,
        "place": "Zarzir",
        "approximate": true,
        "deal_id": 2697
      }
    },
    {
      "type": "Feature",
      "geometry": {
        "type": "Point",
        "coordinates": [
          34.5446379,
          31.5741489
        ]
      },
      "properties": {
        "name": "Project 1122",
        "project_number": 1122,
        "address_type": "city",
        "person_id": 2469,
        "place": "נתיב העשרה",
        "approximate": true,
        "deal_id": 2698
      }
    },
    {
      "type": "Feature",
      "geometry": {
        "type": "Point",
        "coordinates": [
          35.099938,
          33.0389543
        ]
      },
      "properties": {
        "name": "Project 1123",
        "project_number": 1123,
        "address_type": "city",
        "person_id": 2470,
        "place": "ראש הנקרה",
        "approximate": true,
        "deal_id": 2699
      }
    },
    {
      "type": "Feature",
      "geometry": {
        "type": "Point",
        "coordinates": [
          35.256046,
          33.0160748
        ]
      },
      "properties": {
        "name": "Project 1124",
        "project_number": 1124,
        "address_type": "street",
        "person_id": 2471,
        "place": "מעונה",
        "approximate": false,
        "deal_id": 2700
      }
    },
    {
      "type": "Feature",
      "geometry": {
        "type": "Point",
        "coordinates": [
          35.3278913,
          32.779269
        ]
      },
      "properties": {
        "name": "Project 1125",
        "project_number": 1125,
        "address_type": "city",
        "person_id": 2472,
        "place": "בית רימון",
        "approximate": true,
        "deal_id": 2701
      }
    },
    {
      "type": "Feature",
      "geometry": {
        "type": "Point",
        "coordinates": [
          34.9323132,
          31.6773892
        ]
      },
      "properties": {
        "name": "Project 1126",
        "project_number": 1126,
        "address_type": "street",
        "person_id": 2473,
        "place": "שריגים (לי־און)",
        "approximate": false,
        "deal_id": 2702
      }
    },
    {
      "type": "Feature",
      "geometry": {
        "type": "Point",
        "coordinates": [
          35.0424587,
          32.4978679
        ]
      },
      "properties": {
        "name": "Project 1127",
        "project_number": 1127,
        "address_type": "city",
        "person_id": 2474,
        "place": "כפר קרע",
        "approximate": true,
        "deal_id": 2703
      }
    },
    {
      "type": "Feature",
      "geometry": {
        "type": "Point",
        "coordinates": [
          35.0484085,
          32.5061129
        ]
      },
      "properties": {
        "name": "Project 1128",
        "project_number": 1128,
        "address_type": "city",
        "person_id": 2475,
        "place": "כפר קרע",
        "approximate": true,
        "deal_id": 2704
      }
    },
    {
      "type": "Feature",
      "geometry": {
        "type": "Point",
        "coordinates": [
          35.0452663,
          32.5062656
        ]
      },
      "properties": {
        "name": "Project 1129",
        "project_number": 1129,
        "address_type": "city",
        "person_id": 2476,
        "place": "כפר קרע",
        "approximate": true,
        "deal_id": 2705
      }
    },
    {
      "type": "Feature",
      "geometry": {
        "type": "Point",
        "coordinates": [
          35.3517704,
          32.9350635
        ]
      },
      "properties": {
        "name": "Project 1130",
        "project_number": 1130,
        "address_type": "city",
        "person_id": 2477,
        "place": "סאג'ור",
        "approximate": true,
        "deal_id": 2706
      }
    },
    {
      "type": "Feature",
      "geometry": {
        "type": "Point",
        "coordinates": [
          35.2559084,
          33.0141891
        ]
      },
      "properties": {
        "name": "Project 1131",
        "project_number": 1131,
        "address_type": "street",
        "person_id": 2478,
        "place": "מעונה",
        "approximate": false,
        "deal_id": 2707
      }
    },
    {
      "type": "Feature",
      "geometry": {
        "type": "Point",
        "coordinates": [
          35.0762077,
          32.9242735
        ]
      },
      "properties": {
        "name": "Project 1132",
        "project_number": 1132,
        "address_type": "street",
        "person_id": 2479,
        "place": "עכו",
        "approximate": false,
        "deal_id": 2708
      }
    },
    {
      "type": "Feature",
      "geometry": {
        "type": "Point",
        "coordinates": [
          35.0958248,
          33.0083486
        ]
      },
      "properties": {
        "name": "Project 1133",
        "project_number": 1133,
        "address_type": "street",
        "person_id": 2480,
        "place": "נהריה",
        "approximate": false,
        "deal_id": 2709
      }
    },
    {
      "type": "Feature",
      "geometry": {
        "type": "Point",
        "coordinates": [
          35.2577111,
          32.8102193
        ]
      },
      "properties": {
        "name": "Project 1134",
        "project_number": 1134,
        "address_type": "city",
        "person_id": 2481,
        "place": "Kafr Manda",
        "approximate": true,
        "deal_id": 2710
      }
    },
    {
      "type": "Feature",
      "geometry": {
        "type": "Point",
        "coordinates": [
          34.8200187,
          32.0685122
        ]
      },
      "properties": {
        "name": "Project 1135",
        "project_number": 1135,
        "address_type": "street",
        "person_id": 2482,
        "place": "רמת גן",
        "approximate": false,
        "deal_id": 2711
      }
    },
    {
      "type": "Feature",
      "geometry": {
        "type": "Point",
        "coordinates": [
          35.2802158,
          33.0172403
        ]
      },
      "properties": {
        "name": "Project 1136",
        "project_number": 1136,
        "address_type": "street",
        "person_id": 2483,
        "place": "מעלות תרשיחא",
        "approximate": true,
        "deal_id": 2712
      }
    },
    {
      "type": "Feature",
      "geometry": {
        "type": "Point",
        "coordinates": [
          35.2833873,
          33.0209749
        ]
      },
      "properties": {
        "name": "Project 1137",
        "project_number": 1137,
        "address_type": "street",
        "person_id": 1934,
        "place": "מעלות תרשיחא",
        "approximate": true,
        "deal_id": 2713
      }
    },
    {
      "type": "Feature",
      "geometry": {
        "type": "Point",
        "coordinates": [
          34.9766465,
          32.15746
        ]
      },
      "properties": {
        "name": "Project 1138",
        "project_number": 1138,
        "address_type": "street",
        "person_id": 2484,
        "place": "מתן",
        "approximate": false,
        "deal_id": 2714
      }
    },
    {
      "type": "Feature",
      "geometry": {
        "type": "Point",
        "coordinates": [
          35.1551641,
          31.75475
        ]
      },
      "properties": {
        "name": "Project 1139",
        "project_number": 1139,
        "address_type": "street",
        "person_id": 2485,
        "place": "רימון",
        "approximate": false,
        "deal_id": 2715
      }
    },
    {
      "type": "Feature",
      "geometry": {
        "type": "Point",
        "coordinates": [
          35.3244158,
          32.9391708
        ]
      },
      "properties": {
        "name": "Project 1140",
        "project_number": 1140,
        "address_type": "city",
        "person_id": 2486,
        "place": "נחף",
        "approximate": true,
        "deal_id": 2716
      }
    },
    {
      "type": "Feature",
      "geometry": {
        "type": "Point",
        "coordinates": [
          35.2904304,
          33.0401214
        ]
      },
      "properties": {
        "name": "Project 1141",
        "project_number": 1141,
        "address_type": "city",
        "person_id": 2487,
        "place": "Fassuta",
        "approximate": true,
        "deal_id": 2717
      }
    },
    {
      "type": "Feature",
      "geometry": {
        "type": "Point",
        "coordinates": [
          35.4225839,
          32.6905265
        ]
      },
      "properties": {
        "name": "Project 1142",
        "project_number": 1142,
        "address_type": "street",
        "person_id": 2488,
        "place": "כפר תבור",
        "approximate": false,
        "deal_id": 2718
      }
    },
    {
      "type": "Feature",
      "geometry": {
        "type": "Point",
        "coordinates": [
          35.4224703,
          32.6864752
        ]
      },
      "properties": {
        "name": "Project 1143",
        "project_number": 1143,
        "address_type": "street",
        "person_id": 2489,
        "place": "כפר תבור",
        "approximate": false,
        "deal_id": 2719
      }
    },
    {
      "type": "Feature",
      "geometry": {
        "type": "Point",
        "coordinates": [
          34.9034334,
          32.5126224
        ]
      },
      "properties": {
        "name": "Project 1144",
        "project_number": 1144,
        "address_type": "street",
        "person_id": 2490,
        "place": "קיסריה",
        "approximate": false,
        "deal_id": 2720
      }
    },
    {
      "type": "Feature",
      "geometry": {
        "type": "Point",
        "coordinates": [
          34.8889136,
          32.1510507
        ]
      },
      "properties": {
        "name": "Project 1145",
        "project_number": 1145,
        "address_type": "street",
        "person_id": 2491,
        "place": "הוד השרון",
        "approximate": false,
        "deal_id": 2721
      }
    },
    {
      "type": "Feature",
      "geometry": {
        "type": "Point",
        "coordinates": [
          35.5390035,
          32.9765124
        ]
      },
      "properties": {
        "name": "Project 1146",
        "project_number": 1146,
        "address_type": "street",
        "person_id": 2492,
        "place": "חצור הגלילית",
        "approximate": false,
        "deal_id": 2722
      }
    },
    {
      "type": "Feature",
      "geometry": {
        "type": "Point",
        "coordinates": [
          35.3272688,
          32.7831987
        ]
      },
      "properties": {
        "name": "Project 1147",
        "project_number": 1147,
        "address_type": "city",
        "person_id": 2493,
        "place": "בית רימון",
        "approximate": true,
        "deal_id": 2723
      }
    },
    {
      "type": "Feature",
      "geometry": {
        "type": "Point",
        "coordinates": [
          34.9762496,
          32.472883
        ]
      },
      "properties": {
        "name": "Project 1148",
        "project_number": 1148,
        "address_type": "street",
        "person_id": 2494,
        "place": "פרדס חנה-כרכור",
        "approximate": false,
        "deal_id": 2724
      }
    },
    {
      "type": "Feature",
      "geometry": {
        "type": "Point",
        "coordinates": [
          35.1423968,
          33.0720254
        ]
      },
      "properties": {
        "name": "Project 1149",
        "project_number": 1149,
        "address_type": "street",
        "person_id": 2495,
        "place": "שלומי",
        "approximate": false,
        "deal_id": 2725
      }
    },
    {
      "type": "Feature",
      "geometry": {
        "type": "Point",
        "coordinates": [
          35.3851924,
          32.9599983
        ]
      },
      "properties": {
        "name": "Project 1150",
        "project_number": 1150,
        "address_type": "city",
        "person_id": 2496,
        "place": "Beit Jann",
        "approximate": true,
        "deal_id": 2726
      }
    },
    {
      "type": "Feature",
      "geometry": {
        "type": "Point",
        "coordinates": [
          35.1403003,
          32.6943242
        ]
      },
      "properties": {
        "name": "Project 1151",
        "project_number": 1151,
        "address_type": "street",
        "person_id": 2497,
        "place": "שדה יעקב",
        "approximate": false,
        "deal_id": 2727
      }
    },
    {
      "type": "Feature",
      "geometry": {
        "type": "Point",
        "coordinates": [
          34.8556302,
          32.3296813
        ]
      },
      "properties": {
        "name": "Project 1152",
        "project_number": 1152,
        "address_type": "street",
        "person_id": 2498,
        "place": "נתניה",
        "approximate": false,
        "deal_id": 2728
      }
    },
    {
      "type": "Feature",
      "geometry": {
        "type": "Point",
        "coordinates": [
          35.0756537,
          32.7049381
        ]
      },
      "properties": {
        "name": "Project 1153",
        "project_number": 1153,
        "address_type": "city",
        "person_id": 2499,
        "place": "Isfiya",
        "approximate": true,
        "deal_id": 2729
      }
    },
    {
      "type": "Feature",
      "geometry": {
        "type": "Point",
        "coordinates": [
          34.9164275,
          32.440386
        ]
      },
      "properties": {
        "name": "Project 1154",
        "project_number": 1154,
        "address_type": "street",
        "person_id": 2500,
        "place": "חדרה",
        "approximate": false,
        "deal_id": 2730
      }
    },
    {
      "type": "Feature",
      "geometry": {
        "type": "Point",
        "coordinates": [
          35.3353498,
          33.0153733
        ]
      },
      "properties": {
        "name": "Project 1155",
        "project_number": 1155,
        "address_type": "city",
        "person_id": 2501,
        "place": "Hurfeish",
        "approximate": true,
        "deal_id": 2731
      }
    },
    {
      "type": "Feature",
      "geometry": {
        "type": "Point",
        "coordinates": [
          34.8861284,
          32.1508703
        ]
      },
      "properties": {
        "name": "Project 1156",
        "project_number": 1156,
        "address_type": "street",
        "person_id": 2502,
        "place": "הוד השרון",
        "approximate": false,
        "deal_id": 2732
      }
    },
    {
      "type": "Feature",
      "geometry": {
        "type": "Point",
        "coordinates": [
          35.3110654,
          32.9784097
        ]
      },
      "properties": {
        "name": "Project 1157",
        "project_number": 1157,
        "address_type": "city",
        "person_id": 2503,
        "place": "Peki'in",
        "approximate": true,
        "deal_id": 2733
      }
    },
    {
      "type": "Feature",
      "geometry": {
        "type": "Point",
        "coordinates": [
          34.9142659,
          32.2536011
        ]
      },
      "properties": {
        "name": "Project 1158",
        "project_number": 1158,
        "address_type": "street",
        "person_id": 2504,
        "place": "תל מונד",
        "approximate": false,
        "deal_id": 2734
      }
    },
    {
      "type": "Feature",
      "geometry": {
        "type": "Point",
        "coordinates": [
          35.3831032,
          32.9571394
        ]
      },
      "properties": {
        "name": "Project 1159",
        "project_number": 1159,
        "address_type": "city",
        "person_id": 2505,
        "place": "Beit Jann",
        "approximate": true,
        "deal_id": 2735
      }
    },
    {
      "type": "Feature",
      "geometry": {
        "type": "Point",
        "coordinates": [
          34.9167951,
          32.2554858
        ]
      },
      "properties": {
        "name": "Project 1160",
        "project_number": 1160,
        "address_type": "street",
        "person_id": 2506,
        "place": "תל מונד",
        "approximate": false,
        "deal_id": 2736
      }
    },
    {
      "type": "Feature",
      "geometry": {
        "type": "Point",
        "coordinates": [
          35.0579326,
          32.6880602
        ]
      },
      "properties": {
        "name": "Project 1161",
        "project_number": 1161,
        "address_type": "city",
        "person_id": 2507,
        "place": "Daliyat al-Karmel",
        "approximate": true,
        "deal_id": 2737
      }
    },
    {
      "type": "Feature",
      "geometry": {
        "type": "Point",
        "coordinates": [
          35.7715992,
          33.1820659
        ]
      },
      "properties": {
        "name": "Project 1162",
        "project_number": 1162,
        "address_type": "city",
        "person_id": 2508,
        "place": "אל-רום",
        "approximate": true,
        "deal_id": 2738
      }
    },
    {
      "type": "Feature",
      "geometry": {
        "type": "Point",
        "coordinates": [
          35.7738526,
          33.1807121
        ]
      },
      "properties": {
        "name": "Project 1163",
        "project_number": 1163,
        "address_type": "city",
        "person_id": 2509,
        "place": "אל-רום",
        "approximate": true,
        "deal_id": 2739
      }
    },
    {
      "type": "Feature",
      "geometry": {
        "type": "Point",
        "coordinates": [
          35.2106386,
          32.9553104
        ]
      },
      "properties": {
        "name": "Project 1164",
        "project_number": 1164,
        "address_type": "city",
        "person_id": 2511,
        "place": "Yarka",
        "approximate": true,
        "deal_id": 2741
      }
    },
    {
      "type": "Feature",
      "geometry": {
        "type": "Point",
        "coordinates": [
          35.4664333,
          32.7265002
        ]
      },
      "properties": {
        "name": "Project 1165",
        "project_number": 1165,
        "address_type": "city",
        "person_id": 2512,
        "place": "שרונה",
        "approximate": true,
        "deal_id": 2742
      }
    },
    {
      "type": "Feature",
      "geometry": {
        "type": "Point",
        "coordinates": [
          34.790079,
          32.0465461
        ]
      },
      "properties": {
        "name": "Project 1166",
        "project_number": 1166,
        "address_type": "city",
        "person_id": 2513,
        "place": "תל־אביב–יפו",
        "approximate": true,
        "deal_id": 2743
      }
    },
    {
      "type": "Feature",
      "geometry": {
        "type": "Point",
        "coordinates": [
          34.7904826,
          31.8893725
        ]
      },
      "properties": {
        "name": "Project 1167",
        "project_number": 1167,
        "address_type": "city",
        "person_id": 2514,
        "place": "רחובות",
        "approximate": true,
        "deal_id": 2744
      }
    },
    {
      "type": "Feature",
      "geometry": {
        "type": "Point",
        "coordinates": [
          35.3480349,
          32.9432585
        ]
      },
      "properties": {
        "name": "Project 1168",
        "project_number": 1168,
        "address_type": "city",
        "person_id": 2515,
        "place": "סאג'ור",
        "approximate": true,
        "deal_id": 2745
      }
    },
    {
      "type": "Feature",
      "geometry": {
        "type": "Point",
        "coordinates": [
          34.88841136630169,
          32.149760601378205
        ]
      },
      "properties": {
        "name": "Project 1169",
        "project_number": 1169,
        "address_type": "city",
        "person_id": 2516,
        "place": "הוד השרון",
        "approximate": true,
        "deal_id": 2746
      }
    },
    {
      "type": "Feature",
      "geometry": {
        "type": "Point",
        "coordinates": [
          34.88826448877095,
          31.94686229183589
        ]
      },
      "properties": {
        "name": "Project 1170",
        "project_number": 1170,
        "address_type": "city",
        "person_id": 2517,
        "place": "לוד",
        "approximate": true,
        "deal_id": 2747
      }
    }
  ]
}